date,timestamp,timestamp_ms,body_battery_level
2026-03-01,2026-03-01 01:27:00,1772328420000,5
2026-03-01,2026-03-01 01:30:00,1772328600000,5
2026-03-01,2026-03-01 01:33:00,1772328780000,6
2026-03-01,2026-03-01 01:36:00,1772328960000,7
2026-03-01,2026-03-01 01:39:00,1772329140000,7
2026-03-01,2026-03-01 01:42:00,1772329320000,7
2026-03-01,2026-03-01 01:45:00,1772329500000,8
2026-03-01,2026-03-01 01:48:00,1772329680000,8
2026-03-01,2026-03-01 01:51:00,1772329860000,9
2026-03-01,2026-03-01 01:54:00,1772330040000,9
2026-03-01,2026-03-01 01:57:00,1772330220000,9
2026-03-01,2026-03-01 02:00:00,1772330400000,10
2026-03-01,2026-03-01 02:03:00,1772330580000,10
2026-03-01,2026-03-01 02:06:00,1772330760000,10
2026-03-01,2026-03-01 02:09:00,1772330940000,11
2026-03-01,2026-03-01 02:12:00,1772331120000,11
2026-03-01,2026-03-01 02:15:00,1772331300000,12
2026-03-01,2026-03-01 02:18:00,1772331480000,12
2026-03-01,2026-03-01 02:21:00,1772331660000,12
2026-03-01,2026-03-01 02:24:00,1772331840000,13
2026-03-01,2026-03-01 02:27:00,1772332020000,13
2026-03-01,2026-03-01 02:30:00,1772332200000,14
2026-03-01,2026-03-01 02:33:00,1772332380000,14
2026-03-01,2026-03-01 02:36:00,1772332560000,14
2026-03-01,2026-03-01 02:39:00,1772332740000,15
2026-03-01,2026-03-01 02:42:00,1772332920000,15
2026-03-01,2026-03-01 02:45:00,1772333100000,16
2026-03-01,2026-03-01 02:48:00,1772333280000,16
2026-03-01,2026-03-01 02:51:00,1772333460000,16
2026-03-01,2026-03-01 02:54:00,1772333640000,16
2026-03-01,2026-03-01 02:57:00,1772333820000,17
2026-03-01,2026-03-01 03:00:00,1772334000000,17
2026-03-01,2026-03-01 03:03:00,1772334180000,18
2026-03-01,2026-03-01 03:06:00,1772334360000,19
2026-03-01,2026-03-01 03:09:00,1772334540000,19
2026-03-01,2026-03-01 03:12:00,1772334720000,19
2026-03-01,2026-03-01 03:15:00,1772334900000,19
2026-03-01,2026-03-01 03:18:00,1772335080000,20
2026-03-01,2026-03-01 03:21:00,1772335260000,20
2026-03-01,2026-03-01 03:24:00,1772335440000,21
2026-03-01,2026-03-01 03:27:00,1772335620000,21
2026-03-01,2026-03-01 03:30:00,1772335800000,22
2026-03-01,2026-03-01 03:33:00,1772335980000,22
2026-03-01,2026-03-01 03:36:00,1772336160000,23
2026-03-01,2026-03-01 03:39:00,1772336340000,23
2026-03-01,2026-03-01 03:42:00,1772336520000,24
2026-03-01,2026-03-01 03:45:00,1772336700000,24
2026-03-01,2026-03-01 03:48:00,1772336880000,24
2026-03-01,2026-03-01 03:51:00,1772337060000,25
2026-03-01,2026-03-01 03:54:00,1772337240000,26
2026-03-01,2026-03-01 03:57:00,1772337420000,27
2026-03-01,2026-03-01 04:00:00,1772337600000,27
2026-03-01,2026-03-01 04:03:00,1772337780000,27
2026-03-01,2026-03-01 04:06:00,1772337960000,27
2026-03-01,2026-03-01 04:09:00,1772338140000,28
2026-03-01,2026-03-01 04:12:00,1772338320000,28
2026-03-01,2026-03-01 04:15:00,1772338500000,28
2026-03-01,2026-03-01 04:18:00,1772338680000,29
2026-03-01,2026-03-01 04:21:00,1772338860000,29
2026-03-01,2026-03-01 04:24:00,1772339040000,29
2026-03-01,2026-03-01 04:27:00,1772339220000,29
2026-03-01,2026-03-01 04:30:00,1772339400000,30
2026-03-01,2026-03-01 04:33:00,1772339580000,30
2026-03-01,2026-03-01 04:36:00,1772339760000,30
2026-03-01,2026-03-01 04:39:00,1772339940000,31
2026-03-01,2026-03-01 04:42:00,1772340120000,31
2026-03-01,2026-03-01 04:45:00,1772340300000,32
2026-03-01,2026-03-01 04:48:00,1772340480000,32
2026-03-01,2026-03-01 04:51:00,1772340660000,32
2026-03-01,2026-03-01 04:54:00,1772340840000,33
2026-03-01,2026-03-01 04:57:00,1772341020000,33
2026-03-01,2026-03-01 05:00:00,1772341200000,34
2026-03-01,2026-03-01 05:03:00,1772341380000,34
2026-03-01,2026-03-01 05:06:00,1772341560000,35
2026-03-01,2026-03-01 05:09:00,1772341740000,35
2026-03-01,2026-03-01 05:12:00,1772341920000,35
2026-03-01,2026-03-01 05:15:00,1772342100000,36
2026-03-01,2026-03-01 05:18:00,1772342280000,36
2026-03-01,2026-03-01 05:21:00,1772342460000,37
2026-03-01,2026-03-01 05:24:00,1772342640000,37
2026-03-01,2026-03-01 05:27:00,1772342820000,37
2026-03-01,2026-03-01 05:30:00,1772343000000,38
2026-03-01,2026-03-01 05:33:00,1772343180000,38
2026-03-01,2026-03-01 05:36:00,1772343360000,39
2026-03-01,2026-03-01 05:39:00,1772343540000,39
2026-03-01,2026-03-01 05:42:00,1772343720000,39
2026-03-01,2026-03-01 05:45:00,1772343900000,40
2026-03-01,2026-03-01 05:48:00,1772344080000,40
2026-03-01,2026-03-01 05:51:00,1772344260000,40
2026-03-01,2026-03-01 05:54:00,1772344440000,40
2026-03-01,2026-03-01 05:57:00,1772344620000,41
2026-03-01,2026-03-01 06:00:00,1772344800000,41
2026-03-01,2026-03-01 06:03:00,1772344980000,41
2026-03-01,2026-03-01 06:06:00,1772345160000,42
2026-03-01,2026-03-01 06:09:00,1772345340000,42
2026-03-01,2026-03-01 06:12:00,1772345520000,42
2026-03-01,2026-03-01 06:15:00,1772345700000,43
2026-03-01,2026-03-01 06:18:00,1772345880000,43
2026-03-01,2026-03-01 06:21:00,1772346060000,43
2026-03-01,2026-03-01 06:24:00,1772346240000,43
2026-03-01,2026-03-01 06:27:00,1772346420000,44
2026-03-01,2026-03-01 06:30:00,1772346600000,44
2026-03-01,2026-03-01 06:33:00,1772346780000,45
2026-03-01,2026-03-01 06:36:00,1772346960000,45
2026-03-01,2026-03-01 06:39:00,1772347140000,45
2026-03-01,2026-03-01 06:42:00,1772347320000,46
2026-03-01,2026-03-01 06:45:00,1772347500000,46
2026-03-01,2026-03-01 06:48:00,1772347680000,47
2026-03-01,2026-03-01 06:51:00,1772347860000,47
2026-03-01,2026-03-01 06:54:00,1772348040000,48
2026-03-01,2026-03-01 06:57:00,1772348220000,48
2026-03-01,2026-03-01 07:00:00,1772348400000,49
2026-03-01,2026-03-01 07:03:00,1772348580000,49
2026-03-01,2026-03-01 07:06:00,1772348760000,49
2026-03-01,2026-03-01 07:09:00,1772348940000,49
2026-03-01,2026-03-01 07:12:00,1772349120000,49
2026-03-01,2026-03-01 07:15:00,1772349300000,50
2026-03-01,2026-03-01 07:18:00,1772349480000,50
2026-03-01,2026-03-01 07:21:00,1772349660000,51
2026-03-01,2026-03-01 07:24:00,1772349840000,51
2026-03-01,2026-03-01 07:27:00,1772350020000,51
2026-03-01,2026-03-01 07:30:00,1772350200000,52
2026-03-01,2026-03-01 07:33:00,1772350380000,52
2026-03-01,2026-03-01 07:36:00,1772350560000,52
2026-03-01,2026-03-01 07:39:00,1772350740000,52
2026-03-01,2026-03-01 07:42:00,1772350920000,53
2026-03-01,2026-03-01 07:45:00,1772351100000,53
2026-03-01,2026-03-01 07:48:00,1772351280000,53
2026-03-01,2026-03-01 07:51:00,1772351460000,54
2026-03-01,2026-03-01 07:54:00,1772351640000,54
2026-03-01,2026-03-01 07:57:00,1772351820000,55
2026-03-01,2026-03-01 08:00:00,1772352000000,55
2026-03-01,2026-03-01 08:03:00,1772352180000,56
2026-03-01,2026-03-01 08:06:00,1772352360000,57
2026-03-01,2026-03-01 08:09:00,1772352540000,57
2026-03-01,2026-03-01 08:12:00,1772352720000,58
2026-03-01,2026-03-01 08:15:00,1772352900000,59
2026-03-01,2026-03-01 08:18:00,1772353080000,59
2026-03-01,2026-03-01 08:21:00,1772353260000,60
2026-03-01,2026-03-01 08:24:00,1772353440000,60
2026-03-01,2026-03-01 08:27:00,1772353620000,61
2026-03-01,2026-03-01 08:30:00,1772353800000,61
2026-03-01,2026-03-01 08:33:00,1772353980000,62
2026-03-01,2026-03-01 08:36:00,1772354160000,63
2026-03-01,2026-03-01 08:39:00,1772354340000,63
2026-03-01,2026-03-01 08:42:00,1772354520000,64
2026-03-01,2026-03-01 08:45:00,1772354700000,64
2026-03-01,2026-03-01 08:48:00,1772354880000,64
2026-03-02,2026-03-02 00:36:00,1772411760000,20
2026-03-02,2026-03-02 00:39:00,1772411940000,20
2026-03-02,2026-03-02 00:42:00,1772412120000,21
2026-03-02,2026-03-02 00:45:00,1772412300000,21
2026-03-02,2026-03-02 00:48:00,1772412480000,22
2026-03-02,2026-03-02 00:51:00,1772412660000,22
2026-03-02,2026-03-02 00:54:00,1772412840000,23
2026-03-02,2026-03-02 00:57:00,1772413020000,24
2026-03-02,2026-03-02 01:00:00,1772413200000,24
2026-03-02,2026-03-02 01:03:00,1772413380000,25
2026-03-02,2026-03-02 01:06:00,1772413560000,26
2026-03-02,2026-03-02 01:09:00,1772413740000,27
2026-03-02,2026-03-02 01:12:00,1772413920000,27
2026-03-02,2026-03-02 01:15:00,1772414100000,28
2026-03-02,2026-03-02 01:18:00,1772414280000,29
2026-03-02,2026-03-02 01:21:00,1772414460000,29
2026-03-02,2026-03-02 01:24:00,1772414640000,30
2026-03-02,2026-03-02 01:27:00,1772414820000,30
2026-03-02,2026-03-02 01:30:00,1772415000000,31
2026-03-02,2026-03-02 01:33:00,1772415180000,32
2026-03-02,2026-03-02 01:36:00,1772415360000,33
2026-03-02,2026-03-02 01:39:00,1772415540000,34
2026-03-02,2026-03-02 01:42:00,1772415720000,34
2026-03-02,2026-03-02 01:45:00,1772415900000,35
2026-03-02,2026-03-02 01:48:00,1772416080000,36
2026-03-02,2026-03-02 01:51:00,1772416260000,37
2026-03-02,2026-03-02 01:54:00,1772416440000,37
2026-03-02,2026-03-02 01:57:00,1772416620000,38
2026-03-02,2026-03-02 02:00:00,1772416800000,39
2026-03-02,2026-03-02 02:03:00,1772416980000,39
2026-03-02,2026-03-02 02:06:00,1772417160000,39
2026-03-02,2026-03-02 02:09:00,1772417340000,40
2026-03-02,2026-03-02 02:12:00,1772417520000,40
2026-03-02,2026-03-02 02:15:00,1772417700000,41
2026-03-02,2026-03-02 02:18:00,1772417880000,42
2026-03-02,2026-03-02 02:21:00,1772418060000,43
2026-03-02,2026-03-02 02:24:00,1772418240000,43
2026-03-02,2026-03-02 02:27:00,1772418420000,43
2026-03-02,2026-03-02 02:30:00,1772418600000,44
2026-03-02,2026-03-02 02:33:00,1772418780000,46
2026-03-02,2026-03-02 02:36:00,1772418960000,46
2026-03-02,2026-03-02 02:39:00,1772419140000,47
2026-03-02,2026-03-02 02:42:00,1772419320000,48
2026-03-02,2026-03-02 02:45:00,1772419500000,49
2026-03-02,2026-03-02 02:48:00,1772419680000,49
2026-03-02,2026-03-02 02:51:00,1772419860000,50
2026-03-02,2026-03-02 02:54:00,1772420040000,50
2026-03-02,2026-03-02 02:57:00,1772420220000,51
2026-03-02,2026-03-02 03:00:00,1772420400000,52
2026-03-02,2026-03-02 03:03:00,1772420580000,53
2026-03-02,2026-03-02 03:06:00,1772420760000,53
2026-03-02,2026-03-02 03:09:00,1772420940000,55
2026-03-02,2026-03-02 03:12:00,1772421120000,56
2026-03-02,2026-03-02 03:15:00,1772421300000,56
2026-03-02,2026-03-02 03:18:00,1772421480000,57
2026-03-02,2026-03-02 03:21:00,1772421660000,58
2026-03-02,2026-03-02 03:24:00,1772421840000,58
2026-03-02,2026-03-02 03:27:00,1772422020000,59
2026-03-02,2026-03-02 03:30:00,1772422200000,60
2026-03-02,2026-03-02 03:33:00,1772422380000,61
2026-03-02,2026-03-02 03:36:00,1772422560000,62
2026-03-02,2026-03-02 03:39:00,1772422740000,62
2026-03-02,2026-03-02 03:42:00,1772422920000,62
2026-03-02,2026-03-02 03:45:00,1772423100000,63
2026-03-02,2026-03-02 03:48:00,1772423280000,63
2026-03-02,2026-03-02 03:51:00,1772423460000,65
2026-03-02,2026-03-02 03:54:00,1772423640000,65
2026-03-02,2026-03-02 03:57:00,1772423820000,65
2026-03-02,2026-03-02 04:00:00,1772424000000,66
2026-03-02,2026-03-02 04:03:00,1772424180000,66
2026-03-02,2026-03-02 04:06:00,1772424360000,67
2026-03-02,2026-03-02 04:09:00,1772424540000,68
2026-03-02,2026-03-02 04:12:00,1772424720000,68
2026-03-02,2026-03-02 04:15:00,1772424900000,69
2026-03-02,2026-03-02 04:18:00,1772425080000,69
2026-03-02,2026-03-02 04:21:00,1772425260000,70
2026-03-02,2026-03-02 04:24:00,1772425440000,71
2026-03-02,2026-03-02 04:27:00,1772425620000,71
2026-03-02,2026-03-02 04:30:00,1772425800000,71
2026-03-02,2026-03-02 04:33:00,1772425980000,71
2026-03-02,2026-03-02 04:36:00,1772426160000,71
2026-03-02,2026-03-02 04:39:00,1772426340000,71
2026-03-02,2026-03-02 04:42:00,1772426520000,71
2026-03-02,2026-03-02 04:45:00,1772426700000,72
2026-03-02,2026-03-02 04:48:00,1772426880000,73
2026-03-02,2026-03-02 04:51:00,1772427060000,73
2026-03-02,2026-03-02 04:54:00,1772427240000,74
2026-03-02,2026-03-02 04:57:00,1772427420000,74
2026-03-02,2026-03-02 05:00:00,1772427600000,74
2026-03-02,2026-03-02 05:03:00,1772427780000,76
2026-03-02,2026-03-02 05:06:00,1772427960000,76
2026-03-02,2026-03-02 05:09:00,1772428140000,76
2026-03-02,2026-03-02 05:12:00,1772428320000,77
2026-03-02,2026-03-02 05:15:00,1772428500000,77
2026-03-02,2026-03-02 05:18:00,1772428680000,77
2026-03-02,2026-03-02 05:21:00,1772428860000,78
2026-03-02,2026-03-02 05:24:00,1772429040000,78
2026-03-02,2026-03-02 05:27:00,1772429220000,79
2026-03-02,2026-03-02 05:30:00,1772429400000,79
2026-03-02,2026-03-02 05:33:00,1772429580000,79
2026-03-02,2026-03-02 05:36:00,1772429760000,79
2026-03-02,2026-03-02 05:39:00,1772429940000,80
2026-03-02,2026-03-02 05:42:00,1772430120000,80
2026-03-02,2026-03-02 05:45:00,1772430300000,81
2026-03-02,2026-03-02 05:48:00,1772430480000,82
2026-03-02,2026-03-02 05:51:00,1772430660000,82
2026-03-02,2026-03-02 05:54:00,1772430840000,83
2026-03-02,2026-03-02 05:57:00,1772431020000,83
2026-03-02,2026-03-02 06:00:00,1772431200000,84
2026-03-02,2026-03-02 06:03:00,1772431380000,84
2026-03-02,2026-03-02 06:06:00,1772431560000,85
2026-03-02,2026-03-02 06:09:00,1772431740000,85
2026-03-02,2026-03-02 06:12:00,1772431920000,85
2026-03-02,2026-03-02 06:15:00,1772432100000,85
2026-03-02,2026-03-02 06:18:00,1772432280000,86
2026-03-02,2026-03-02 06:21:00,1772432460000,87
2026-03-02,2026-03-02 06:24:00,1772432640000,87
2026-03-02,2026-03-02 06:27:00,1772432820000,87
2026-03-02,2026-03-02 06:30:00,1772433000000,89
2026-03-02,2026-03-02 06:33:00,1772433180000,89
2026-03-03,2026-03-03 01:15:00,1772500500000,21
2026-03-03,2026-03-03 01:18:00,1772500680000,21
2026-03-03,2026-03-03 01:21:00,1772500860000,23
2026-03-03,2026-03-03 01:24:00,1772501040000,23
2026-03-03,2026-03-03 01:27:00,1772501220000,23
2026-03-03,2026-03-03 01:30:00,1772501400000,24
2026-03-03,2026-03-03 01:33:00,1772501580000,24
2026-03-03,2026-03-03 01:36:00,1772501760000,24
2026-03-03,2026-03-03 01:39:00,1772501940000,24
2026-03-03,2026-03-03 01:42:00,1772502120000,25
2026-03-03,2026-03-03 01:45:00,1772502300000,25
2026-03-03,2026-03-03 01:48:00,1772502480000,26
2026-03-03,2026-03-03 01:51:00,1772502660000,27
2026-03-03,2026-03-03 01:54:00,1772502840000,27
2026-03-03,2026-03-03 01:57:00,1772503020000,28
2026-03-03,2026-03-03 02:00:00,1772503200000,28
2026-03-03,2026-03-03 02:03:00,1772503380000,29
2026-03-03,2026-03-03 02:06:00,1772503560000,29
2026-03-03,2026-03-03 02:09:00,1772503740000,30
2026-03-03,2026-03-03 02:12:00,1772503920000,30
2026-03-03,2026-03-03 02:15:00,1772504100000,31
2026-03-03,2026-03-03 02:18:00,1772504280000,31
2026-03-03,2026-03-03 02:21:00,1772504460000,32
2026-03-03,2026-03-03 02:24:00,1772504640000,32
2026-03-03,2026-03-03 02:27:00,1772504820000,33
2026-03-03,2026-03-03 02:30:00,1772505000000,33
2026-03-03,2026-03-03 02:33:00,1772505180000,34
2026-03-03,2026-03-03 02:36:00,1772505360000,34
2026-03-03,2026-03-03 02:39:00,1772505540000,34
2026-03-03,2026-03-03 02:42:00,1772505720000,35
2026-03-03,2026-03-03 02:45:00,1772505900000,35
2026-03-03,2026-03-03 02:48:00,1772506080000,36
2026-03-03,2026-03-03 02:51:00,1772506260000,37
2026-03-03,2026-03-03 02:54:00,1772506440000,38
2026-03-03,2026-03-03 02:57:00,1772506620000,39
2026-03-03,2026-03-03 03:00:00,1772506800000,39
2026-03-03,2026-03-03 03:03:00,1772506980000,40
2026-03-03,2026-03-03 03:06:00,1772507160000,41
2026-03-03,2026-03-03 03:09:00,1772507340000,41
2026-03-03,2026-03-03 03:12:00,1772507520000,42
2026-03-03,2026-03-03 03:15:00,1772507700000,43
2026-03-03,2026-03-03 03:18:00,1772507880000,44
2026-03-03,2026-03-03 03:21:00,1772508060000,45
2026-03-03,2026-03-03 03:24:00,1772508240000,45
2026-03-03,2026-03-03 03:27:00,1772508420000,46
2026-03-03,2026-03-03 03:30:00,1772508600000,47
2026-03-03,2026-03-03 03:33:00,1772508780000,47
2026-03-03,2026-03-03 03:36:00,1772508960000,48
2026-03-03,2026-03-03 03:39:00,1772509140000,49
2026-03-03,2026-03-03 03:42:00,1772509320000,50
2026-03-03,2026-03-03 03:45:00,1772509500000,50
2026-03-03,2026-03-03 03:48:00,1772509680000,51
2026-03-03,2026-03-03 03:51:00,1772509860000,51
2026-03-03,2026-03-03 03:54:00,1772510040000,52
2026-03-03,2026-03-03 03:57:00,1772510220000,53
2026-03-03,2026-03-03 04:00:00,1772510400000,53
2026-03-03,2026-03-03 04:03:00,1772510580000,55
2026-03-03,2026-03-03 04:06:00,1772510760000,55
2026-03-03,2026-03-03 04:09:00,1772510940000,56
2026-03-03,2026-03-03 04:12:00,1772511120000,57
2026-03-03,2026-03-03 04:15:00,1772511300000,58
2026-03-03,2026-03-03 04:18:00,1772511480000,59
2026-03-03,2026-03-03 04:21:00,1772511660000,59
2026-03-03,2026-03-03 04:24:00,1772511840000,60
2026-03-03,2026-03-03 04:27:00,1772512020000,61
2026-03-03,2026-03-03 04:30:00,1772512200000,61
2026-03-03,2026-03-03 04:33:00,1772512380000,62
2026-03-03,2026-03-03 04:36:00,1772512560000,62
2026-03-03,2026-03-03 04:39:00,1772512740000,63
2026-03-03,2026-03-03 04:42:00,1772512920000,64
2026-03-03,2026-03-03 04:45:00,1772513100000,64
2026-03-03,2026-03-03 04:48:00,1772513280000,65
2026-03-03,2026-03-03 04:51:00,1772513460000,65
2026-03-03,2026-03-03 04:54:00,1772513640000,66
2026-03-03,2026-03-03 04:57:00,1772513820000,66
2026-03-03,2026-03-03 05:00:00,1772514000000,67
2026-03-03,2026-03-03 05:03:00,1772514180000,67
2026-03-03,2026-03-03 05:06:00,1772514360000,68
2026-03-03,2026-03-03 05:09:00,1772514540000,68
2026-03-03,2026-03-03 05:12:00,1772514720000,68
2026-03-03,2026-03-03 05:15:00,1772514900000,69
2026-03-03,2026-03-03 05:18:00,1772515080000,69
2026-03-03,2026-03-03 05:21:00,1772515260000,69
2026-03-03,2026-03-03 05:24:00,1772515440000,70
2026-03-03,2026-03-03 05:27:00,1772515620000,71
2026-03-03,2026-03-03 05:30:00,1772515800000,71
2026-03-03,2026-03-03 05:33:00,1772515980000,72
2026-03-03,2026-03-03 05:36:00,1772516160000,73
2026-03-03,2026-03-03 05:39:00,1772516340000,73
2026-03-03,2026-03-03 05:42:00,1772516520000,74
2026-03-03,2026-03-03 05:45:00,1772516700000,75
2026-03-03,2026-03-03 05:48:00,1772516880000,75
2026-03-03,2026-03-03 05:51:00,1772517060000,76
2026-03-03,2026-03-03 05:54:00,1772517240000,76
2026-03-03,2026-03-03 05:57:00,1772517420000,77
2026-03-03,2026-03-03 06:00:00,1772517600000,77
2026-03-03,2026-03-03 06:03:00,1772517780000,77
2026-03-03,2026-03-03 06:06:00,1772517960000,79
2026-03-03,2026-03-03 06:09:00,1772518140000,79
2026-03-03,2026-03-03 06:12:00,1772518320000,80
2026-03-03,2026-03-03 06:15:00,1772518500000,80
2026-03-03,2026-03-03 06:18:00,1772518680000,81
2026-03-03,2026-03-03 06:21:00,1772518860000,81
2026-03-03,2026-03-03 06:24:00,1772519040000,81
2026-03-03,2026-03-03 06:27:00,1772519220000,82
2026-03-03,2026-03-03 06:30:00,1772519400000,83
2026-03-03,2026-03-03 06:33:00,1772519580000,83
2026-03-03,2026-03-03 06:36:00,1772519760000,84
2026-03-03,2026-03-03 06:39:00,1772519940000,84
2026-03-03,2026-03-03 06:42:00,1772520120000,84
2026-03-03,2026-03-03 06:45:00,1772520300000,85
2026-03-03,2026-03-03 06:48:00,1772520480000,86
2026-03-03,2026-03-03 06:51:00,1772520660000,86
2026-03-03,2026-03-03 06:54:00,1772520840000,86
2026-03-03,2026-03-03 06:57:00,1772521020000,87
2026-03-03,2026-03-03 07:00:00,1772521200000,87
2026-03-03,2026-03-03 07:03:00,1772521380000,87
2026-03-03,2026-03-03 07:06:00,1772521560000,88
2026-03-03,2026-03-03 07:09:00,1772521740000,88
2026-03-03,2026-03-03 07:12:00,1772521920000,88
2026-03-03,2026-03-03 07:15:00,1772522100000,89
2026-03-03,2026-03-03 07:18:00,1772522280000,89
2026-03-03,2026-03-03 07:21:00,1772522460000,90
2026-03-03,2026-03-03 07:24:00,1772522640000,90
2026-03-03,2026-03-03 07:27:00,1772522820000,91
2026-03-03,2026-03-03 07:30:00,1772523000000,91
2026-03-03,2026-03-03 07:33:00,1772523180000,91
2026-03-03,2026-03-03 07:36:00,1772523360000,91
2026-03-03,2026-03-03 07:39:00,1772523540000,92
2026-03-03,2026-03-03 07:42:00,1772523720000,92
2026-03-03,2026-03-03 07:45:00,1772523900000,93
2026-03-03,2026-03-03 07:48:00,1772524080000,93
2026-03-03,2026-03-03 07:51:00,1772524260000,93
2026-03-03,2026-03-03 07:54:00,1772524440000,93
2026-03-03,2026-03-03 07:57:00,1772524620000,93
2026-03-03,2026-03-03 08:00:00,1772524800000,94
2026-03-03,2026-03-03 08:03:00,1772524980000,94
2026-03-03,2026-03-03 08:06:00,1772525160000,94
2026-03-03,2026-03-03 08:09:00,1772525340000,94
2026-03-03,2026-03-03 08:12:00,1772525520000,95
2026-03-03,2026-03-03 08:15:00,1772525700000,95
2026-03-03,2026-03-03 08:18:00,1772525880000,95
2026-03-03,2026-03-03 08:21:00,1772526060000,95
2026-03-03,2026-03-03 08:24:00,1772526240000,95
2026-03-03,2026-03-03 08:27:00,1772526420000,95
2026-03-03,2026-03-03 08:30:00,1772526600000,95
2026-03-03,2026-03-03 08:33:00,1772526780000,95
2026-03-03,2026-03-03 08:36:00,1772526960000,95
2026-03-03,2026-03-03 08:39:00,1772527140000,95
2026-03-04,2026-03-04 00:36:00,1772584560000,22
2026-03-04,2026-03-04 00:39:00,1772584740000,22
2026-03-04,2026-03-04 00:42:00,1772584920000,22
2026-03-04,2026-03-04 00:45:00,1772585100000,22
2026-03-04,2026-03-04 00:48:00,1772585280000,22
2026-03-04,2026-03-04 00:51:00,1772585460000,22
2026-03-04,2026-03-04 00:54:00,1772585640000,22
2026-03-04,2026-03-04 00:57:00,1772585820000,23
2026-03-04,2026-03-04 01:00:00,1772586000000,24
2026-03-04,2026-03-04 01:03:00,1772586180000,24
2026-03-04,2026-03-04 01:06:00,1772586360000,24
2026-03-04,2026-03-04 01:09:00,1772586540000,24
2026-03-04,2026-03-04 01:12:00,1772586720000,25
2026-03-04,2026-03-04 01:15:00,1772586900000,25
2026-03-04,2026-03-04 01:18:00,1772587080000,25
2026-03-04,2026-03-04 01:21:00,1772587260000,25
2026-03-04,2026-03-04 01:24:00,1772587440000,26
2026-03-04,2026-03-04 01:27:00,1772587620000,26
2026-03-04,2026-03-04 01:30:00,1772587800000,26
2026-03-04,2026-03-04 01:33:00,1772587980000,26
2026-03-04,2026-03-04 01:36:00,1772588160000,27
2026-03-04,2026-03-04 01:39:00,1772588340000,27
2026-03-04,2026-03-04 01:42:00,1772588520000,27
2026-03-04,2026-03-04 01:45:00,1772588700000,27
2026-03-04,2026-03-04 01:48:00,1772588880000,28
2026-03-04,2026-03-04 01:51:00,1772589060000,28
2026-03-04,2026-03-04 01:54:00,1772589240000,29
2026-03-04,2026-03-04 01:57:00,1772589420000,29
2026-03-04,2026-03-04 02:00:00,1772589600000,30
2026-03-04,2026-03-04 02:03:00,1772589780000,30
2026-03-04,2026-03-04 02:06:00,1772589960000,30
2026-03-04,2026-03-04 02:09:00,1772590140000,31
2026-03-04,2026-03-04 02:12:00,1772590320000,32
2026-03-04,2026-03-04 02:15:00,1772590500000,32
2026-03-04,2026-03-04 02:18:00,1772590680000,33
2026-03-04,2026-03-04 02:21:00,1772590860000,33
2026-03-04,2026-03-04 02:24:00,1772591040000,34
2026-03-04,2026-03-04 02:27:00,1772591220000,34
2026-03-04,2026-03-04 02:30:00,1772591400000,35
2026-03-04,2026-03-04 02:33:00,1772591580000,35
2026-03-04,2026-03-04 02:36:00,1772591760000,36
2026-03-04,2026-03-04 02:39:00,1772591940000,37
2026-03-04,2026-03-04 02:42:00,1772592120000,37
2026-03-04,2026-03-04 02:45:00,1772592300000,37
2026-03-04,2026-03-04 02:48:00,1772592480000,38
2026-03-04,2026-03-04 02:51:00,1772592660000,39
2026-03-04,2026-03-04 02:54:00,1772592840000,40
2026-03-04,2026-03-04 02:57:00,1772593020000,41
2026-03-04,2026-03-04 03:00:00,1772593200000,41
2026-03-04,2026-03-04 03:03:00,1772593380000,42
2026-03-04,2026-03-04 03:06:00,1772593560000,42
2026-03-04,2026-03-04 03:09:00,1772593740000,44
2026-03-04,2026-03-04 03:12:00,1772593920000,44
2026-03-04,2026-03-04 03:15:00,1772594100000,44
2026-03-04,2026-03-04 03:18:00,1772594280000,44
2026-03-04,2026-03-04 03:21:00,1772594460000,45
2026-03-04,2026-03-04 03:24:00,1772594640000,46
2026-03-04,2026-03-04 03:27:00,1772594820000,47
2026-03-04,2026-03-04 03:30:00,1772595000000,47
2026-03-04,2026-03-04 03:33:00,1772595180000,47
2026-03-04,2026-03-04 03:36:00,1772595360000,48
2026-03-04,2026-03-04 03:39:00,1772595540000,49
2026-03-04,2026-03-04 03:42:00,1772595720000,50
2026-03-04,2026-03-04 03:45:00,1772595900000,50
2026-03-04,2026-03-04 03:48:00,1772596080000,51
2026-03-04,2026-03-04 03:51:00,1772596260000,51
2026-03-04,2026-03-04 03:54:00,1772596440000,52
2026-03-04,2026-03-04 03:57:00,1772596620000,52
2026-03-04,2026-03-04 04:00:00,1772596800000,53
2026-03-04,2026-03-04 04:03:00,1772596980000,54
2026-03-04,2026-03-04 04:06:00,1772597160000,54
2026-03-04,2026-03-04 04:09:00,1772597340000,54
2026-03-04,2026-03-04 04:12:00,1772597520000,55
2026-03-04,2026-03-04 04:15:00,1772597700000,56
2026-03-04,2026-03-04 04:18:00,1772597880000,56
2026-03-04,2026-03-04 04:21:00,1772598060000,57
2026-03-04,2026-03-04 04:24:00,1772598240000,57
2026-03-04,2026-03-04 04:27:00,1772598420000,58
2026-03-04,2026-03-04 04:30:00,1772598600000,58
2026-03-04,2026-03-04 04:33:00,1772598780000,59
2026-03-04,2026-03-04 04:36:00,1772598960000,59
2026-03-04,2026-03-04 04:39:00,1772599140000,60
2026-03-04,2026-03-04 04:42:00,1772599320000,60
2026-03-04,2026-03-04 04:45:00,1772599500000,61
2026-03-04,2026-03-04 04:48:00,1772599680000,62
2026-03-04,2026-03-04 04:51:00,1772599860000,63
2026-03-04,2026-03-04 04:54:00,1772600040000,63
2026-03-04,2026-03-04 04:57:00,1772600220000,63
2026-03-04,2026-03-04 05:00:00,1772600400000,64
2026-03-04,2026-03-04 05:03:00,1772600580000,64
2026-03-04,2026-03-04 05:06:00,1772600760000,65
2026-03-04,2026-03-04 05:09:00,1772600940000,65
2026-03-04,2026-03-04 05:12:00,1772601120000,65
2026-03-04,2026-03-04 05:15:00,1772601300000,65
2026-03-04,2026-03-04 05:18:00,1772601480000,66
2026-03-04,2026-03-04 05:21:00,1772601660000,67
2026-03-04,2026-03-04 05:24:00,1772601840000,67
2026-03-04,2026-03-04 05:27:00,1772602020000,67
2026-03-04,2026-03-04 05:30:00,1772602200000,68
2026-03-04,2026-03-04 05:33:00,1772602380000,69
2026-03-04,2026-03-04 05:36:00,1772602560000,69
2026-03-04,2026-03-04 05:39:00,1772602740000,69
2026-03-04,2026-03-04 05:42:00,1772602920000,69
2026-03-04,2026-03-04 05:45:00,1772603100000,70
2026-03-04,2026-03-04 05:48:00,1772603280000,70
2026-03-04,2026-03-04 05:51:00,1772603460000,70
2026-03-04,2026-03-04 05:54:00,1772603640000,70
2026-03-04,2026-03-04 05:57:00,1772603820000,71
2026-03-04,2026-03-04 06:00:00,1772604000000,71
2026-03-04,2026-03-04 06:03:00,1772604180000,72
2026-03-04,2026-03-04 06:06:00,1772604360000,72
2026-03-04,2026-03-04 06:09:00,1772604540000,72
2026-03-04,2026-03-04 06:12:00,1772604720000,73
2026-03-04,2026-03-04 06:15:00,1772604900000,73
2026-03-04,2026-03-04 06:18:00,1772605080000,74
2026-03-04,2026-03-04 06:21:00,1772605260000,74
2026-03-04,2026-03-04 06:24:00,1772605440000,75
2026-03-04,2026-03-04 06:27:00,1772605620000,75
2026-03-04,2026-03-04 06:30:00,1772605800000,76
2026-03-04,2026-03-04 06:33:00,1772605980000,76
2026-03-04,2026-03-04 06:36:00,1772606160000,77
2026-03-04,2026-03-04 06:39:00,1772606340000,77
2026-03-04,2026-03-04 06:42:00,1772606520000,77
2026-03-04,2026-03-04 06:45:00,1772606700000,78
2026-03-04,2026-03-04 06:48:00,1772606880000,79
2026-03-04,2026-03-04 06:51:00,1772607060000,79
2026-03-04,2026-03-04 06:54:00,1772607240000,80
2026-03-04,2026-03-04 06:57:00,1772607420000,80
2026-03-04,2026-03-04 07:00:00,1772607600000,80
2026-03-04,2026-03-04 07:03:00,1772607780000,81
2026-03-04,2026-03-04 07:06:00,1772607960000,81
2026-03-05,2026-03-05 01:03:00,1772672580000,6
2026-03-05,2026-03-05 01:06:00,1772672760000,8
2026-03-05,2026-03-05 01:09:00,1772672940000,9
2026-03-05,2026-03-05 01:12:00,1772673120000,9
2026-03-05,2026-03-05 01:15:00,1772673300000,9
2026-03-05,2026-03-05 01:18:00,1772673480000,10
2026-03-05,2026-03-05 01:21:00,1772673660000,10
2026-03-05,2026-03-05 01:24:00,1772673840000,10
2026-03-05,2026-03-05 01:27:00,1772674020000,11
2026-03-05,2026-03-05 01:30:00,1772674200000,11
2026-03-05,2026-03-05 01:33:00,1772674380000,12
2026-03-05,2026-03-05 01:36:00,1772674560000,12
2026-03-05,2026-03-05 01:39:00,1772674740000,13
2026-03-05,2026-03-05 01:42:00,1772674920000,14
2026-03-05,2026-03-05 01:45:00,1772675100000,14
2026-03-05,2026-03-05 01:48:00,1772675280000,14
2026-03-05,2026-03-05 01:51:00,1772675460000,15
2026-03-05,2026-03-05 01:54:00,1772675640000,15
2026-03-05,2026-03-05 01:57:00,1772675820000,16
2026-03-05,2026-03-05 02:00:00,1772676000000,16
2026-03-05,2026-03-05 02:03:00,1772676180000,17
2026-03-05,2026-03-05 02:06:00,1772676360000,17
2026-03-05,2026-03-05 02:09:00,1772676540000,18
2026-03-05,2026-03-05 02:12:00,1772676720000,18
2026-03-05,2026-03-05 02:15:00,1772676900000,19
2026-03-05,2026-03-05 02:18:00,1772677080000,20
2026-03-05,2026-03-05 02:21:00,1772677260000,20
2026-03-05,2026-03-05 02:24:00,1772677440000,21
2026-03-05,2026-03-05 02:27:00,1772677620000,21
2026-03-05,2026-03-05 02:30:00,1772677800000,21
2026-03-05,2026-03-05 02:33:00,1772677980000,22
2026-03-05,2026-03-05 02:36:00,1772678160000,23
2026-03-05,2026-03-05 02:39:00,1772678340000,23
2026-03-05,2026-03-05 02:42:00,1772678520000,23
2026-03-05,2026-03-05 02:45:00,1772678700000,24
2026-03-05,2026-03-05 02:48:00,1772678880000,25
2026-03-05,2026-03-05 02:51:00,1772679060000,25
2026-03-05,2026-03-05 02:54:00,1772679240000,26
2026-03-05,2026-03-05 02:57:00,1772679420000,27
2026-03-05,2026-03-05 03:00:00,1772679600000,28
2026-03-05,2026-03-05 03:03:00,1772679780000,28
2026-03-05,2026-03-05 03:06:00,1772679960000,29
2026-03-05,2026-03-05 03:09:00,1772680140000,30
2026-03-05,2026-03-05 03:12:00,1772680320000,31
2026-03-05,2026-03-05 03:15:00,1772680500000,32
2026-03-05,2026-03-05 03:18:00,1772680680000,33
2026-03-05,2026-03-05 03:21:00,1772680860000,33
2026-03-05,2026-03-05 03:24:00,1772681040000,34
2026-03-05,2026-03-05 03:27:00,1772681220000,35
2026-03-05,2026-03-05 03:30:00,1772681400000,35
2026-03-05,2026-03-05 03:33:00,1772681580000,36
2026-03-05,2026-03-05 03:36:00,1772681760000,37
2026-03-05,2026-03-05 03:39:00,1772681940000,38
2026-03-05,2026-03-05 03:42:00,1772682120000,39
2026-03-05,2026-03-05 03:45:00,1772682300000,40
2026-03-05,2026-03-05 03:48:00,1772682480000,41
2026-03-05,2026-03-05 03:51:00,1772682660000,42
2026-03-05,2026-03-05 03:54:00,1772682840000,43
2026-03-05,2026-03-05 03:57:00,1772683020000,44
2026-03-05,2026-03-05 04:00:00,1772683200000,45
2026-03-05,2026-03-05 04:03:00,1772683380000,46
2026-03-05,2026-03-05 04:06:00,1772683560000,47
2026-03-05,2026-03-05 04:09:00,1772683740000,48
2026-03-05,2026-03-05 04:12:00,1772683920000,48
2026-03-05,2026-03-05 04:15:00,1772684100000,49
2026-03-05,2026-03-05 04:18:00,1772684280000,50
2026-03-05,2026-03-05 04:21:00,1772684460000,50
2026-03-05,2026-03-05 04:24:00,1772684640000,51
2026-03-05,2026-03-05 04:27:00,1772684820000,52
2026-03-05,2026-03-05 04:30:00,1772685000000,52
2026-03-05,2026-03-05 04:33:00,1772685180000,53
2026-03-05,2026-03-05 04:36:00,1772685360000,53
2026-03-05,2026-03-05 04:39:00,1772685540000,54
2026-03-05,2026-03-05 04:42:00,1772685720000,54
2026-03-05,2026-03-05 04:45:00,1772685900000,55
2026-03-05,2026-03-05 04:48:00,1772686080000,55
2026-03-05,2026-03-05 04:51:00,1772686260000,56
2026-03-05,2026-03-05 04:54:00,1772686440000,57
2026-03-05,2026-03-05 04:57:00,1772686620000,57
2026-03-05,2026-03-05 05:00:00,1772686800000,57
2026-03-05,2026-03-05 05:03:00,1772686980000,59
2026-03-05,2026-03-05 05:06:00,1772687160000,60
2026-03-05,2026-03-05 05:09:00,1772687340000,60
2026-03-05,2026-03-05 05:12:00,1772687520000,60
2026-03-05,2026-03-05 05:15:00,1772687700000,61
2026-03-05,2026-03-05 05:18:00,1772687880000,61
2026-03-05,2026-03-05 05:21:00,1772688060000,62
2026-03-05,2026-03-05 05:24:00,1772688240000,63
2026-03-05,2026-03-05 05:27:00,1772688420000,64
2026-03-05,2026-03-05 05:30:00,1772688600000,64
2026-03-05,2026-03-05 05:33:00,1772688780000,65
2026-03-05,2026-03-05 05:36:00,1772688960000,65
2026-03-05,2026-03-05 05:39:00,1772689140000,66
2026-03-05,2026-03-05 05:42:00,1772689320000,67
2026-03-05,2026-03-05 05:45:00,1772689500000,67
2026-03-05,2026-03-05 05:48:00,1772689680000,67
2026-03-05,2026-03-05 05:51:00,1772689860000,68
2026-03-05,2026-03-05 05:54:00,1772690040000,68
2026-03-05,2026-03-05 05:57:00,1772690220000,69
2026-03-05,2026-03-05 06:00:00,1772690400000,70
2026-03-05,2026-03-05 06:03:00,1772690580000,70
2026-03-05,2026-03-05 06:06:00,1772690760000,70
2026-03-05,2026-03-05 06:09:00,1772690940000,70
2026-03-05,2026-03-05 06:12:00,1772691120000,71
2026-03-05,2026-03-05 06:15:00,1772691300000,71
2026-03-05,2026-03-05 06:18:00,1772691480000,72
2026-03-05,2026-03-05 06:21:00,1772691660000,72
2026-03-05,2026-03-05 06:24:00,1772691840000,73
2026-03-05,2026-03-05 06:27:00,1772692020000,73
2026-03-05,2026-03-05 06:30:00,1772692200000,73
2026-03-05,2026-03-05 06:33:00,1772692380000,74
2026-03-05,2026-03-05 06:36:00,1772692560000,74
2026-03-05,2026-03-05 06:39:00,1772692740000,74
2026-03-05,2026-03-05 06:42:00,1772692920000,75
2026-03-05,2026-03-05 06:45:00,1772693100000,75
2026-03-05,2026-03-05 06:48:00,1772693280000,75
2026-03-05,2026-03-05 06:51:00,1772693460000,75
2026-03-05,2026-03-05 06:54:00,1772693640000,75
2026-03-05,2026-03-05 06:57:00,1772693820000,76
2026-03-05,2026-03-05 07:00:00,1772694000000,76
2026-03-05,2026-03-05 07:03:00,1772694180000,77
2026-03-05,2026-03-05 07:06:00,1772694360000,77
2026-03-05,2026-03-05 07:09:00,1772694540000,78
2026-03-05,2026-03-05 07:12:00,1772694720000,78
2026-03-05,2026-03-05 07:15:00,1772694900000,79
2026-03-05,2026-03-05 07:18:00,1772695080000,79
2026-03-06,2026-03-06 00:18:00,1772756280000,10
2026-03-06,2026-03-06 00:21:00,1772756460000,11
2026-03-06,2026-03-06 00:24:00,1772756640000,12
2026-03-06,2026-03-06 00:27:00,1772756820000,13
2026-03-06,2026-03-06 00:30:00,1772757000000,13
2026-03-06,2026-03-06 00:33:00,1772757180000,13
2026-03-06,2026-03-06 00:36:00,1772757360000,14
2026-03-06,2026-03-06 00:39:00,1772757540000,15
2026-03-06,2026-03-06 00:42:00,1772757720000,15
2026-03-06,2026-03-06 00:45:00,1772757900000,15
2026-03-06,2026-03-06 00:48:00,1772758080000,16
2026-03-06,2026-03-06 00:51:00,1772758260000,16
2026-03-06,2026-03-06 00:54:00,1772758440000,17
2026-03-06,2026-03-06 00:57:00,1772758620000,18
2026-03-06,2026-03-06 01:00:00,1772758800000,18
2026-03-06,2026-03-06 01:03:00,1772758980000,19
2026-03-06,2026-03-06 01:06:00,1772759160000,19
2026-03-06,2026-03-06 01:09:00,1772759340000,20
2026-03-06,2026-03-06 01:12:00,1772759520000,20
2026-03-06,2026-03-06 01:15:00,1772759700000,21
2026-03-06,2026-03-06 01:18:00,1772759880000,21
2026-03-06,2026-03-06 01:21:00,1772760060000,22
2026-03-06,2026-03-06 01:24:00,1772760240000,23
2026-03-06,2026-03-06 01:27:00,1772760420000,23
2026-03-06,2026-03-06 01:30:00,1772760600000,24
2026-03-06,2026-03-06 01:33:00,1772760780000,24
2026-03-06,2026-03-06 01:36:00,1772760960000,25
2026-03-06,2026-03-06 01:39:00,1772761140000,25
2026-03-06,2026-03-06 01:42:00,1772761320000,26
2026-03-06,2026-03-06 01:45:00,1772761500000,26
2026-03-06,2026-03-06 01:48:00,1772761680000,27
2026-03-06,2026-03-06 01:51:00,1772761860000,27
2026-03-06,2026-03-06 01:54:00,1772762040000,28
2026-03-06,2026-03-06 01:57:00,1772762220000,28
2026-03-06,2026-03-06 02:00:00,1772762400000,29
2026-03-06,2026-03-06 02:03:00,1772762580000,29
2026-03-06,2026-03-06 02:06:00,1772762760000,30
2026-03-06,2026-03-06 02:09:00,1772762940000,32
2026-03-06,2026-03-06 02:12:00,1772763120000,33
2026-03-06,2026-03-06 02:15:00,1772763300000,33
2026-03-06,2026-03-06 02:18:00,1772763480000,34
2026-03-06,2026-03-06 02:21:00,1772763660000,34
2026-03-06,2026-03-06 02:24:00,1772763840000,35
2026-03-06,2026-03-06 02:27:00,1772764020000,36
2026-03-06,2026-03-06 02:30:00,1772764200000,37
2026-03-06,2026-03-06 02:33:00,1772764380000,38
2026-03-06,2026-03-06 02:36:00,1772764560000,38
2026-03-06,2026-03-06 02:39:00,1772764740000,39
2026-03-06,2026-03-06 02:42:00,1772764920000,40
2026-03-06,2026-03-06 02:45:00,1772765100000,41
2026-03-06,2026-03-06 02:48:00,1772765280000,42
2026-03-06,2026-03-06 02:51:00,1772765460000,42
2026-03-06,2026-03-06 02:54:00,1772765640000,43
2026-03-06,2026-03-06 02:57:00,1772765820000,44
2026-03-06,2026-03-06 03:00:00,1772766000000,45
2026-03-06,2026-03-06 03:03:00,1772766180000,46
2026-03-06,2026-03-06 03:06:00,1772766360000,47
2026-03-06,2026-03-06 03:09:00,1772766540000,47
2026-03-06,2026-03-06 03:12:00,1772766720000,49
2026-03-06,2026-03-06 03:15:00,1772766900000,49
2026-03-06,2026-03-06 03:18:00,1772767080000,49
2026-03-06,2026-03-06 03:21:00,1772767260000,50
2026-03-06,2026-03-06 03:24:00,1772767440000,51
2026-03-06,2026-03-06 03:27:00,1772767620000,51
2026-03-06,2026-03-06 03:30:00,1772767800000,51
2026-03-06,2026-03-06 03:33:00,1772767980000,52
2026-03-06,2026-03-06 03:36:00,1772768160000,52
2026-03-06,2026-03-06 03:39:00,1772768340000,53
2026-03-06,2026-03-06 03:42:00,1772768520000,54
2026-03-06,2026-03-06 03:45:00,1772768700000,54
2026-03-06,2026-03-06 03:48:00,1772768880000,55
2026-03-06,2026-03-06 03:51:00,1772769060000,55
2026-03-06,2026-03-06 03:54:00,1772769240000,56
2026-03-06,2026-03-06 03:57:00,1772769420000,57
2026-03-06,2026-03-06 04:00:00,1772769600000,57
2026-03-06,2026-03-06 04:03:00,1772769780000,58
2026-03-06,2026-03-06 04:06:00,1772769960000,59
2026-03-06,2026-03-06 04:09:00,1772770140000,59
2026-03-06,2026-03-06 04:12:00,1772770320000,59
2026-03-06,2026-03-06 04:15:00,1772770500000,59
2026-03-06,2026-03-06 04:18:00,1772770680000,60
2026-03-06,2026-03-06 04:21:00,1772770860000,60
2026-03-06,2026-03-06 04:24:00,1772771040000,61
2026-03-06,2026-03-06 04:27:00,1772771220000,61
2026-03-06,2026-03-06 04:30:00,1772771400000,62
2026-03-06,2026-03-06 04:33:00,1772771580000,62
2026-03-06,2026-03-06 04:36:00,1772771760000,62
2026-03-06,2026-03-06 04:39:00,1772771940000,63
2026-03-06,2026-03-06 04:42:00,1772772120000,64
2026-03-06,2026-03-06 04:45:00,1772772300000,64
2026-03-06,2026-03-06 04:48:00,1772772480000,65
2026-03-06,2026-03-06 04:51:00,1772772660000,66
2026-03-06,2026-03-06 04:54:00,1772772840000,66
2026-03-06,2026-03-06 04:57:00,1772773020000,66
2026-03-06,2026-03-06 05:00:00,1772773200000,67
2026-03-06,2026-03-06 05:03:00,1772773380000,68
2026-03-06,2026-03-06 05:06:00,1772773560000,69
2026-03-06,2026-03-06 05:09:00,1772773740000,69
2026-03-06,2026-03-06 05:12:00,1772773920000,69
2026-03-06,2026-03-06 05:15:00,1772774100000,69
2026-03-06,2026-03-06 05:18:00,1772774280000,69
2026-03-06,2026-03-06 05:21:00,1772774460000,69
2026-03-06,2026-03-06 05:24:00,1772774640000,70
2026-03-06,2026-03-06 05:27:00,1772774820000,71
2026-03-06,2026-03-06 05:30:00,1772775000000,72
2026-03-06,2026-03-06 05:33:00,1772775180000,72
2026-03-06,2026-03-06 05:36:00,1772775360000,73
2026-03-06,2026-03-06 05:39:00,1772775540000,73
2026-03-06,2026-03-06 05:42:00,1772775720000,74
2026-03-06,2026-03-06 05:45:00,1772775900000,74
2026-03-06,2026-03-06 05:48:00,1772776080000,74
2026-03-06,2026-03-06 05:51:00,1772776260000,75
2026-03-06,2026-03-06 05:54:00,1772776440000,75
2026-03-06,2026-03-06 05:57:00,1772776620000,76
2026-03-06,2026-03-06 06:00:00,1772776800000,76
2026-03-06,2026-03-06 06:03:00,1772776980000,76
2026-03-06,2026-03-06 06:06:00,1772777160000,77
2026-03-06,2026-03-06 06:09:00,1772777340000,77
2026-03-06,2026-03-06 06:12:00,1772777520000,78
2026-03-06,2026-03-06 06:15:00,1772777700000,78
2026-03-06,2026-03-06 06:18:00,1772777880000,78
2026-03-06,2026-03-06 06:21:00,1772778060000,79
2026-03-06,2026-03-06 06:24:00,1772778240000,79
2026-03-06,2026-03-06 06:27:00,1772778420000,79
2026-03-06,2026-03-06 06:30:00,1772778600000,80
2026-03-06,2026-03-06 06:33:00,1772778780000,80
2026-03-06,2026-03-06 06:36:00,1772778960000,81
2026-03-06,2026-03-06 06:39:00,1772779140000,81
2026-03-06,2026-03-06 06:42:00,1772779320000,81
2026-03-06,2026-03-06 06:45:00,1772779500000,82
2026-03-06,2026-03-06 06:48:00,1772779680000,82
2026-03-06,2026-03-06 06:51:00,1772779860000,82
2026-03-06,2026-03-06 06:54:00,1772780040000,83
2026-03-06,2026-03-06 06:57:00,1772780220000,83
2026-03-06,2026-03-06 07:00:00,1772780400000,84
2026-03-06,2026-03-06 07:03:00,1772780580000,84
2026-03-06,2026-03-06 07:06:00,1772780760000,85
2026-03-06,2026-03-06 07:09:00,1772780940000,85
2026-03-06,2026-03-06 07:12:00,1772781120000,86
2026-03-06,2026-03-06 07:15:00,1772781300000,86
2026-03-06,2026-03-06 07:18:00,1772781480000,86
2026-03-06,2026-03-06 07:21:00,1772781660000,87
2026-03-06,2026-03-06 07:24:00,1772781840000,87
2026-03-06,2026-03-06 07:27:00,1772782020000,88
2026-03-06,2026-03-06 07:30:00,1772782200000,88
2026-03-06,2026-03-06 07:33:00,1772782380000,89
2026-03-06,2026-03-06 07:36:00,1772782560000,89
2026-03-06,2026-03-06 07:39:00,1772782740000,90
2026-03-06,2026-03-06 07:42:00,1772782920000,90
2026-03-06,2026-03-06 07:45:00,1772783100000,90
2026-03-06,2026-03-06 07:48:00,1772783280000,90
2026-03-06,2026-03-06 07:51:00,1772783460000,91
2026-03-06,2026-03-06 07:54:00,1772783640000,91
2026-03-06,2026-03-06 07:57:00,1772783820000,91
2026-03-06,2026-03-06 08:00:00,1772784000000,92
2026-03-06,2026-03-06 08:03:00,1772784180000,92
2026-03-06,2026-03-06 08:06:00,1772784360000,93
2026-03-07,2026-03-07 00:42:00,1772844120000,30
2026-03-07,2026-03-07 00:45:00,1772844300000,30
2026-03-07,2026-03-07 00:48:00,1772844480000,30
2026-03-07,2026-03-07 00:51:00,1772844660000,30
2026-03-07,2026-03-07 00:54:00,1772844840000,31
2026-03-07,2026-03-07 00:57:00,1772845020000,31
2026-03-07,2026-03-07 01:00:00,1772845200000,31
2026-03-07,2026-03-07 01:03:00,1772845380000,31
2026-03-07,2026-03-07 01:06:00,1772845560000,32
2026-03-07,2026-03-07 01:09:00,1772845740000,32
2026-03-07,2026-03-07 01:12:00,1772845920000,32
2026-03-07,2026-03-07 01:15:00,1772846100000,33
2026-03-07,2026-03-07 01:18:00,1772846280000,33
2026-03-07,2026-03-07 01:21:00,1772846460000,34
2026-03-07,2026-03-07 01:24:00,1772846640000,35
2026-03-07,2026-03-07 01:27:00,1772846820000,35
2026-03-07,2026-03-07 01:30:00,1772847000000,36
2026-03-07,2026-03-07 01:33:00,1772847180000,36
2026-03-07,2026-03-07 01:36:00,1772847360000,37
2026-03-07,2026-03-07 01:39:00,1772847540000,37
2026-03-07,2026-03-07 01:42:00,1772847720000,37
2026-03-07,2026-03-07 01:45:00,1772847900000,37
2026-03-07,2026-03-07 01:48:00,1772848080000,39
2026-03-07,2026-03-07 01:51:00,1772848260000,39
2026-03-07,2026-03-07 01:54:00,1772848440000,40
2026-03-07,2026-03-07 01:57:00,1772848620000,40
2026-03-07,2026-03-07 02:00:00,1772848800000,40
2026-03-07,2026-03-07 02:03:00,1772848980000,41
2026-03-07,2026-03-07 02:06:00,1772849160000,41
2026-03-07,2026-03-07 02:09:00,1772849340000,41
2026-03-07,2026-03-07 02:12:00,1772849520000,41
2026-03-07,2026-03-07 02:15:00,1772849700000,42
2026-03-07,2026-03-07 02:18:00,1772849880000,42
2026-03-07,2026-03-07 02:21:00,1772850060000,43
2026-03-07,2026-03-07 02:24:00,1772850240000,44
2026-03-07,2026-03-07 02:27:00,1772850420000,44
2026-03-07,2026-03-07 02:30:00,1772850600000,44
2026-03-07,2026-03-07 02:33:00,1772850780000,45
2026-03-07,2026-03-07 02:36:00,1772850960000,45
2026-03-07,2026-03-07 02:39:00,1772851140000,46
2026-03-07,2026-03-07 02:42:00,1772851320000,46
2026-03-07,2026-03-07 02:45:00,1772851500000,47
2026-03-07,2026-03-07 02:48:00,1772851680000,47
2026-03-07,2026-03-07 02:51:00,1772851860000,48
2026-03-07,2026-03-07 02:54:00,1772852040000,49
2026-03-07,2026-03-07 02:57:00,1772852220000,49
2026-03-07,2026-03-07 03:00:00,1772852400000,50
2026-03-07,2026-03-07 03:03:00,1772852580000,51
2026-03-07,2026-03-07 03:06:00,1772852760000,52
2026-03-07,2026-03-07 03:09:00,1772852940000,53
2026-03-07,2026-03-07 03:12:00,1772853120000,53
2026-03-07,2026-03-07 03:15:00,1772853300000,54
2026-03-07,2026-03-07 03:18:00,1772853480000,55
2026-03-07,2026-03-07 03:21:00,1772853660000,56
2026-03-07,2026-03-07 03:24:00,1772853840000,56
2026-03-07,2026-03-07 03:27:00,1772854020000,58
2026-03-07,2026-03-07 03:30:00,1772854200000,58
2026-03-07,2026-03-07 03:33:00,1772854380000,59
2026-03-07,2026-03-07 03:36:00,1772854560000,60
2026-03-07,2026-03-07 03:39:00,1772854740000,61
2026-03-07,2026-03-07 03:42:00,1772854920000,61
2026-03-07,2026-03-07 03:45:00,1772855100000,62
2026-03-07,2026-03-07 03:48:00,1772855280000,63
2026-03-07,2026-03-07 03:51:00,1772855460000,63
2026-03-07,2026-03-07 03:54:00,1772855640000,64
2026-03-07,2026-03-07 03:57:00,1772855820000,65
2026-03-07,2026-03-07 04:00:00,1772856000000,66
2026-03-07,2026-03-07 04:03:00,1772856180000,66
2026-03-07,2026-03-07 04:06:00,1772856360000,67
2026-03-07,2026-03-07 04:09:00,1772856540000,67
2026-03-07,2026-03-07 04:12:00,1772856720000,67
2026-03-07,2026-03-07 04:15:00,1772856900000,68
2026-03-07,2026-03-07 04:18:00,1772857080000,68
2026-03-07,2026-03-07 04:21:00,1772857260000,69
2026-03-07,2026-03-07 04:24:00,1772857440000,69
2026-03-07,2026-03-07 04:27:00,1772857620000,70
2026-03-07,2026-03-07 04:30:00,1772857800000,71
2026-03-07,2026-03-07 04:33:00,1772857980000,71
2026-03-07,2026-03-07 04:36:00,1772858160000,71
2026-03-07,2026-03-07 04:39:00,1772858340000,72
2026-03-07,2026-03-07 04:42:00,1772858520000,72
2026-03-07,2026-03-07 04:45:00,1772858700000,73
2026-03-07,2026-03-07 04:48:00,1772858880000,73
2026-03-07,2026-03-07 04:51:00,1772859060000,74
2026-03-07,2026-03-07 04:54:00,1772859240000,74
2026-03-07,2026-03-07 04:57:00,1772859420000,75
2026-03-07,2026-03-07 05:00:00,1772859600000,76
2026-03-07,2026-03-07 05:03:00,1772859780000,77
2026-03-07,2026-03-07 05:06:00,1772859960000,77
2026-03-07,2026-03-07 05:09:00,1772860140000,77
2026-03-07,2026-03-07 05:12:00,1772860320000,78
2026-03-07,2026-03-07 05:15:00,1772860500000,79
2026-03-07,2026-03-07 05:18:00,1772860680000,80
2026-03-07,2026-03-07 05:21:00,1772860860000,80
2026-03-07,2026-03-07 05:24:00,1772861040000,80
2026-03-07,2026-03-07 05:27:00,1772861220000,81
2026-03-07,2026-03-07 05:30:00,1772861400000,81
2026-03-07,2026-03-07 05:33:00,1772861580000,82
2026-03-07,2026-03-07 05:36:00,1772861760000,83
2026-03-07,2026-03-07 05:39:00,1772861940000,83
2026-03-07,2026-03-07 05:42:00,1772862120000,83
2026-03-07,2026-03-07 05:45:00,1772862300000,84
2026-03-07,2026-03-07 05:48:00,1772862480000,84
2026-03-07,2026-03-07 05:51:00,1772862660000,84
2026-03-07,2026-03-07 05:54:00,1772862840000,84
2026-03-07,2026-03-07 05:57:00,1772863020000,84
2026-03-07,2026-03-07 06:00:00,1772863200000,85
2026-03-07,2026-03-07 06:03:00,1772863380000,85
2026-03-07,2026-03-07 06:06:00,1772863560000,85
2026-03-07,2026-03-07 06:09:00,1772863740000,85
2026-03-07,2026-03-07 06:12:00,1772863920000,86
2026-03-07,2026-03-07 06:15:00,1772864100000,86
2026-03-07,2026-03-07 06:18:00,1772864280000,87
2026-03-07,2026-03-07 06:21:00,1772864460000,87
2026-03-07,2026-03-07 06:24:00,1772864640000,87
2026-03-07,2026-03-07 06:27:00,1772864820000,88
2026-03-07,2026-03-07 06:30:00,1772865000000,88
2026-03-07,2026-03-07 06:33:00,1772865180000,89
2026-03-07,2026-03-07 06:36:00,1772865360000,89
2026-03-07,2026-03-07 06:39:00,1772865540000,90
2026-03-07,2026-03-07 06:42:00,1772865720000,90
2026-03-07,2026-03-07 06:45:00,1772865900000,91
2026-03-07,2026-03-07 06:48:00,1772866080000,92
2026-03-07,2026-03-07 06:51:00,1772866260000,92
2026-03-07,2026-03-07 06:54:00,1772866440000,92
