date,timestamp,timestamp_ms,respiration_rate
2026-03-01,2026-03-01 01:28:08,1772328488000,12.0
2026-03-01,2026-03-01 01:30:00,1772328600000,12.0
2026-03-01,2026-03-01 01:32:00,1772328720000,12.0
2026-03-01,2026-03-01 01:34:00,1772328840000,12.0
2026-03-01,2026-03-01 01:36:00,1772328960000,11.0
2026-03-01,2026-03-01 01:38:00,1772329080000,11.0
2026-03-01,2026-03-01 01:40:00,1772329200000,12.0
2026-03-01,2026-03-01 01:42:00,1772329320000,12.0
2026-03-01,2026-03-01 01:44:00,1772329440000,12.0
2026-03-01,2026-03-01 01:46:00,1772329560000,12.0
2026-03-01,2026-03-01 01:48:00,1772329680000,12.0
2026-03-01,2026-03-01 01:50:00,1772329800000,13.0
2026-03-01,2026-03-01 01:52:00,1772329920000,13.0
2026-03-01,2026-03-01 01:54:00,1772330040000,13.0
2026-03-01,2026-03-01 01:56:00,1772330160000,13.0
2026-03-01,2026-03-01 01:58:00,1772330280000,13.0
2026-03-01,2026-03-01 02:00:00,1772330400000,12.0
2026-03-01,2026-03-01 02:02:00,1772330520000,13.0
2026-03-01,2026-03-01 02:04:00,1772330640000,13.0
2026-03-01,2026-03-01 02:06:00,1772330760000,13.0
2026-03-01,2026-03-01 02:08:00,1772330880000,12.0
2026-03-01,2026-03-01 02:10:00,1772331000000,12.0
2026-03-01,2026-03-01 02:12:00,1772331120000,13.0
2026-03-01,2026-03-01 02:14:00,1772331240000,12.0
2026-03-01,2026-03-01 02:16:00,1772331360000,13.0
2026-03-01,2026-03-01 02:18:00,1772331480000,12.0
2026-03-01,2026-03-01 02:20:00,1772331600000,13.0
2026-03-01,2026-03-01 02:22:00,1772331720000,16.0
2026-03-01,2026-03-01 02:24:00,1772331840000,16.0
2026-03-01,2026-03-01 02:26:00,1772331960000,16.0
2026-03-01,2026-03-01 02:28:00,1772332080000,18.0
2026-03-01,2026-03-01 02:30:00,1772332200000,14.0
2026-03-01,2026-03-01 02:32:00,1772332320000,19.0
2026-03-01,2026-03-01 02:34:00,1772332440000,18.0
2026-03-01,2026-03-01 02:36:00,1772332560000,18.0
2026-03-01,2026-03-01 02:38:00,1772332680000,16.0
2026-03-01,2026-03-01 02:40:00,1772332800000,18.0
2026-03-01,2026-03-01 02:42:00,1772332920000,13.0
2026-03-01,2026-03-01 02:44:00,1772333040000,13.0
2026-03-01,2026-03-01 02:46:00,1772333160000,13.0
2026-03-01,2026-03-01 02:48:00,1772333280000,12.0
2026-03-01,2026-03-01 02:50:00,1772333400000,9.0
2026-03-01,2026-03-01 02:52:00,1772333520000,12.0
2026-03-01,2026-03-01 02:54:00,1772333640000,14.0
2026-03-01,2026-03-01 02:56:00,1772333760000,15.0
2026-03-01,2026-03-01 02:58:00,1772333880000,12.0
2026-03-01,2026-03-01 03:00:00,1772334000000,12.0
2026-03-01,2026-03-01 03:02:00,1772334120000,13.0
2026-03-01,2026-03-01 03:04:00,1772334240000,14.0
2026-03-01,2026-03-01 03:06:00,1772334360000,11.0
2026-03-01,2026-03-01 03:08:00,1772334480000,11.0
2026-03-01,2026-03-01 03:10:00,1772334600000,16.0
2026-03-01,2026-03-01 03:12:00,1772334720000,13.0
2026-03-01,2026-03-01 03:14:00,1772334840000,13.0
2026-03-01,2026-03-01 03:16:00,1772334960000,13.0
2026-03-01,2026-03-01 03:18:00,1772335080000,13.0
2026-03-01,2026-03-01 03:20:00,1772335200000,12.0
2026-03-01,2026-03-01 03:22:00,1772335320000,12.0
2026-03-01,2026-03-01 03:24:00,1772335440000,14.0
2026-03-01,2026-03-01 03:26:00,1772335560000,12.0
2026-03-01,2026-03-01 03:28:00,1772335680000,12.0
2026-03-01,2026-03-01 03:30:00,1772335800000,13.0
2026-03-01,2026-03-01 03:32:00,1772335920000,13.0
2026-03-01,2026-03-01 03:34:00,1772336040000,13.0
2026-03-01,2026-03-01 03:36:00,1772336160000,13.0
2026-03-01,2026-03-01 03:38:00,1772336280000,13.0
2026-03-01,2026-03-01 03:40:00,1772336400000,13.0
2026-03-01,2026-03-01 03:42:00,1772336520000,13.0
2026-03-01,2026-03-01 03:44:00,1772336640000,14.0
2026-03-01,2026-03-01 03:46:00,1772336760000,14.0
2026-03-01,2026-03-01 03:48:00,1772336880000,14.0
2026-03-01,2026-03-01 03:50:00,1772337000000,12.0
2026-03-01,2026-03-01 03:52:00,1772337120000,13.0
2026-03-01,2026-03-01 03:54:00,1772337240000,18.0
2026-03-01,2026-03-01 03:56:00,1772337360000,16.0
2026-03-01,2026-03-01 03:58:00,1772337480000,12.0
2026-03-01,2026-03-01 04:00:00,1772337600000,13.0
2026-03-01,2026-03-01 04:02:00,1772337720000,12.0
2026-03-01,2026-03-01 04:04:00,1772337840000,13.0
2026-03-01,2026-03-01 04:06:00,1772337960000,13.0
2026-03-01,2026-03-01 04:08:00,1772338080000,13.0
2026-03-01,2026-03-01 04:10:00,1772338200000,13.0
2026-03-01,2026-03-01 04:12:00,1772338320000,14.0
2026-03-01,2026-03-01 04:14:00,1772338440000,13.0
2026-03-01,2026-03-01 04:16:00,1772338560000,14.0
2026-03-01,2026-03-01 04:18:00,1772338680000,12.0
2026-03-01,2026-03-01 04:20:00,1772338800000,13.0
2026-03-01,2026-03-01 04:22:00,1772338920000,13.0
2026-03-01,2026-03-01 04:24:00,1772339040000,11.0
2026-03-01,2026-03-01 04:26:00,1772339160000,15.0
2026-03-01,2026-03-01 04:28:00,1772339280000,13.0
2026-03-01,2026-03-01 04:30:00,1772339400000,12.0
2026-03-01,2026-03-01 04:32:00,1772339520000,12.0
2026-03-01,2026-03-01 04:34:00,1772339640000,13.0
2026-03-01,2026-03-01 04:36:00,1772339760000,12.0
2026-03-01,2026-03-01 04:38:00,1772339880000,11.0
2026-03-01,2026-03-01 04:40:00,1772340000000,11.0
2026-03-01,2026-03-01 04:42:00,1772340120000,12.0
2026-03-01,2026-03-01 04:44:00,1772340240000,11.0
2026-03-01,2026-03-01 04:46:00,1772340360000,11.0
2026-03-01,2026-03-01 04:48:00,1772340480000,12.0
2026-03-01,2026-03-01 04:50:00,1772340600000,13.0
2026-03-01,2026-03-01 04:52:00,1772340720000,12.0
2026-03-01,2026-03-01 04:54:00,1772340840000,12.0
2026-03-01,2026-03-01 04:56:00,1772340960000,12.0
2026-03-01,2026-03-01 04:58:00,1772341080000,12.0
2026-03-01,2026-03-01 05:00:00,1772341200000,12.0
2026-03-01,2026-03-01 05:02:00,1772341320000,12.0
2026-03-01,2026-03-01 05:04:00,1772341440000,12.0
2026-03-01,2026-03-01 05:06:00,1772341560000,14.0
2026-03-01,2026-03-01 05:08:00,1772341680000,12.0
2026-03-01,2026-03-01 05:10:00,1772341800000,11.0
2026-03-01,2026-03-01 05:12:00,1772341920000,11.0
2026-03-01,2026-03-01 05:14:00,1772342040000,12.0
2026-03-01,2026-03-01 05:16:00,1772342160000,12.0
2026-03-01,2026-03-01 05:18:00,1772342280000,12.0
2026-03-01,2026-03-01 05:20:00,1772342400000,12.0
2026-03-01,2026-03-01 05:22:00,1772342520000,12.0
2026-03-01,2026-03-01 05:24:00,1772342640000,12.0
2026-03-01,2026-03-01 05:26:00,1772342760000,12.0
2026-03-01,2026-03-01 05:28:00,1772342880000,13.0
2026-03-01,2026-03-01 05:30:00,1772343000000,13.0
2026-03-01,2026-03-01 05:32:00,1772343120000,12.0
2026-03-01,2026-03-01 05:34:00,1772343240000,13.0
2026-03-01,2026-03-01 05:36:00,1772343360000,11.0
2026-03-01,2026-03-01 05:38:00,1772343480000,12.0
2026-03-01,2026-03-01 05:40:00,1772343600000,12.0
2026-03-01,2026-03-01 05:42:00,1772343720000,14.0
2026-03-01,2026-03-01 05:44:00,1772343840000,13.0
2026-03-01,2026-03-01 05:46:00,1772343960000,15.0
2026-03-01,2026-03-01 05:48:00,1772344080000,15.0
2026-03-01,2026-03-01 05:50:00,1772344200000,15.0
2026-03-01,2026-03-01 05:52:00,1772344320000,16.0
2026-03-01,2026-03-01 05:54:00,1772344440000,16.0
2026-03-01,2026-03-01 05:56:00,1772344560000,13.0
2026-03-01,2026-03-01 05:58:00,1772344680000,12.0
2026-03-01,2026-03-01 06:00:00,1772344800000,11.0
2026-03-01,2026-03-01 06:02:00,1772344920000,12.0
2026-03-01,2026-03-01 06:04:00,1772345040000,12.0
2026-03-01,2026-03-01 06:06:00,1772345160000,10.0
2026-03-01,2026-03-01 06:08:00,1772345280000,12.0
2026-03-01,2026-03-01 06:10:00,1772345400000,14.0
2026-03-01,2026-03-01 06:12:00,1772345520000,13.0
2026-03-01,2026-03-01 06:14:00,1772345640000,12.0
2026-03-01,2026-03-01 06:16:00,1772345760000,13.0
2026-03-01,2026-03-01 06:18:00,1772345880000,13.0
2026-03-01,2026-03-01 06:20:00,1772346000000,13.0
2026-03-01,2026-03-01 06:22:00,1772346120000,11.0
2026-03-01,2026-03-01 06:24:00,1772346240000,11.0
2026-03-01,2026-03-01 06:26:00,1772346360000,11.0
2026-03-01,2026-03-01 06:28:00,1772346480000,11.0
2026-03-01,2026-03-01 06:30:00,1772346600000,12.0
2026-03-01,2026-03-01 06:32:00,1772346720000,11.0
2026-03-01,2026-03-01 06:34:00,1772346840000,12.0
2026-03-01,2026-03-01 06:36:00,1772346960000,11.0
2026-03-01,2026-03-01 06:38:00,1772347080000,12.0
2026-03-01,2026-03-01 06:40:00,1772347200000,12.0
2026-03-01,2026-03-01 06:42:00,1772347320000,12.0
2026-03-01,2026-03-01 06:44:00,1772347440000,11.0
2026-03-01,2026-03-01 06:46:00,1772347560000,12.0
2026-03-01,2026-03-01 06:48:00,1772347680000,12.0
2026-03-01,2026-03-01 06:50:00,1772347800000,12.0
2026-03-01,2026-03-01 06:52:00,1772347920000,11.0
2026-03-01,2026-03-01 06:54:00,1772348040000,11.0
2026-03-01,2026-03-01 06:56:00,1772348160000,12.0
2026-03-01,2026-03-01 06:58:00,1772348280000,13.0
2026-03-01,2026-03-01 07:00:00,1772348400000,12.0
2026-03-01,2026-03-01 07:02:00,1772348520000,12.0
2026-03-01,2026-03-01 07:04:00,1772348640000,13.0
2026-03-01,2026-03-01 07:06:00,1772348760000,12.0
2026-03-01,2026-03-01 07:08:00,1772348880000,13.0
2026-03-01,2026-03-01 07:10:00,1772349000000,14.0
2026-03-01,2026-03-01 07:12:00,1772349120000,12.0
2026-03-01,2026-03-01 07:14:00,1772349240000,13.0
2026-03-01,2026-03-01 07:16:00,1772349360000,12.0
2026-03-01,2026-03-01 07:18:00,1772349480000,11.0
2026-03-01,2026-03-01 07:20:00,1772349600000,13.0
2026-03-01,2026-03-01 07:22:00,1772349720000,15.0
2026-03-01,2026-03-01 07:24:00,1772349840000,15.0
2026-03-01,2026-03-01 07:26:00,1772349960000,12.0
2026-03-01,2026-03-01 07:28:00,1772350080000,15.0
2026-03-01,2026-03-01 07:30:00,1772350200000,14.0
2026-03-01,2026-03-01 07:32:00,1772350320000,19.0
2026-03-01,2026-03-01 07:34:00,1772350440000,18.0
2026-03-01,2026-03-01 07:36:00,1772350560000,13.0
2026-03-01,2026-03-01 07:38:00,1772350680000,12.0
2026-03-01,2026-03-01 07:40:00,1772350800000,12.0
2026-03-01,2026-03-01 07:42:00,1772350920000,11.0
2026-03-01,2026-03-01 07:44:00,1772351040000,12.0
2026-03-01,2026-03-01 07:46:00,1772351160000,14.0
2026-03-01,2026-03-01 07:48:00,1772351280000,11.0
2026-03-01,2026-03-01 07:50:00,1772351400000,11.0
2026-03-01,2026-03-01 07:52:00,1772351520000,12.0
2026-03-01,2026-03-01 07:54:00,1772351640000,11.0
2026-03-01,2026-03-01 07:56:00,1772351760000,10.0
2026-03-01,2026-03-01 07:58:00,1772351880000,12.0
2026-03-01,2026-03-01 08:00:00,1772352000000,11.0
2026-03-01,2026-03-01 08:02:00,1772352120000,12.0
2026-03-01,2026-03-01 08:04:00,1772352240000,11.0
2026-03-01,2026-03-01 08:06:00,1772352360000,10.0
2026-03-01,2026-03-01 08:08:00,1772352480000,12.0
2026-03-01,2026-03-01 08:10:00,1772352600000,11.0
2026-03-01,2026-03-01 08:12:00,1772352720000,11.0
2026-03-01,2026-03-01 08:14:00,1772352840000,11.0
2026-03-01,2026-03-01 08:16:00,1772352960000,12.0
2026-03-01,2026-03-01 08:18:00,1772353080000,12.0
2026-03-01,2026-03-01 08:20:00,1772353200000,12.0
2026-03-01,2026-03-01 08:22:00,1772353320000,12.0
2026-03-01,2026-03-01 08:24:00,1772353440000,12.0
2026-03-01,2026-03-01 08:26:00,1772353560000,12.0
2026-03-01,2026-03-01 08:28:00,1772353680000,12.0
2026-03-01,2026-03-01 08:30:00,1772353800000,13.0
2026-03-01,2026-03-01 08:32:00,1772353920000,13.0
2026-03-01,2026-03-01 08:34:00,1772354040000,13.0
2026-03-01,2026-03-01 08:36:00,1772354160000,12.0
2026-03-01,2026-03-01 08:38:00,1772354280000,12.0
2026-03-01,2026-03-01 08:40:00,1772354400000,12.0
2026-03-01,2026-03-01 08:42:00,1772354520000,12.0
2026-03-01,2026-03-01 08:44:00,1772354640000,12.0
2026-03-01,2026-03-01 08:46:00,1772354760000,14.0
2026-03-01,2026-03-01 08:48:00,1772354880000,13.0
2026-03-02,2026-03-02 00:37:19,1772411839000,14.0
2026-03-02,2026-03-02 00:38:00,1772411880000,13.0
2026-03-02,2026-03-02 00:40:00,1772412000000,12.0
2026-03-02,2026-03-02 00:42:00,1772412120000,12.0
2026-03-02,2026-03-02 00:44:00,1772412240000,12.0
2026-03-02,2026-03-02 00:46:00,1772412360000,11.0
2026-03-02,2026-03-02 00:48:00,1772412480000,12.0
2026-03-02,2026-03-02 00:50:00,1772412600000,12.0
2026-03-02,2026-03-02 00:52:00,1772412720000,13.0
2026-03-02,2026-03-02 00:54:00,1772412840000,11.0
2026-03-02,2026-03-02 00:56:00,1772412960000,12.0
2026-03-02,2026-03-02 00:58:00,1772413080000,12.0
2026-03-02,2026-03-02 01:00:00,1772413200000,12.0
2026-03-02,2026-03-02 01:02:00,1772413320000,11.0
2026-03-02,2026-03-02 01:04:00,1772413440000,12.0
2026-03-02,2026-03-02 01:06:00,1772413560000,12.0
2026-03-02,2026-03-02 01:08:00,1772413680000,12.0
2026-03-02,2026-03-02 01:10:00,1772413800000,12.0
2026-03-02,2026-03-02 01:12:00,1772413920000,12.0
2026-03-02,2026-03-02 01:14:00,1772414040000,12.0
2026-03-02,2026-03-02 01:16:00,1772414160000,11.0
2026-03-02,2026-03-02 01:18:00,1772414280000,12.0
2026-03-02,2026-03-02 01:20:00,1772414400000,13.0
2026-03-02,2026-03-02 01:22:00,1772414520000,11.0
2026-03-02,2026-03-02 01:24:00,1772414640000,11.0
2026-03-02,2026-03-02 01:26:00,1772414760000,12.0
2026-03-02,2026-03-02 01:28:00,1772414880000,13.0
2026-03-02,2026-03-02 01:30:00,1772415000000,12.0
2026-03-02,2026-03-02 01:32:00,1772415120000,12.0
2026-03-02,2026-03-02 01:34:00,1772415240000,12.0
2026-03-02,2026-03-02 01:36:00,1772415360000,11.0
2026-03-02,2026-03-02 01:38:00,1772415480000,8.0
2026-03-02,2026-03-02 01:40:00,1772415600000,12.0
2026-03-02,2026-03-02 01:42:00,1772415720000,11.0
2026-03-02,2026-03-02 01:44:00,1772415840000,12.0
2026-03-02,2026-03-02 01:46:00,1772415960000,12.0
2026-03-02,2026-03-02 01:48:00,1772416080000,13.0
2026-03-02,2026-03-02 01:50:00,1772416200000,12.0
2026-03-02,2026-03-02 01:52:00,1772416320000,13.0
2026-03-02,2026-03-02 01:54:00,1772416440000,13.0
2026-03-02,2026-03-02 01:56:00,1772416560000,13.0
2026-03-02,2026-03-02 01:58:00,1772416680000,13.0
2026-03-02,2026-03-02 02:00:00,1772416800000,14.0
2026-03-02,2026-03-02 02:02:00,1772416920000,15.0
2026-03-02,2026-03-02 02:04:00,1772417040000,11.0
2026-03-02,2026-03-02 02:06:00,1772417160000,11.0
2026-03-02,2026-03-02 02:08:00,1772417280000,12.0
2026-03-02,2026-03-02 02:10:00,1772417400000,12.0
2026-03-02,2026-03-02 02:12:00,1772417520000,12.0
2026-03-02,2026-03-02 02:14:00,1772417640000,12.0
2026-03-02,2026-03-02 02:16:00,1772417760000,13.0
2026-03-02,2026-03-02 02:18:00,1772417880000,10.0
2026-03-02,2026-03-02 02:20:00,1772418000000,10.0
2026-03-02,2026-03-02 02:22:00,1772418120000,11.0
2026-03-02,2026-03-02 02:24:00,1772418240000,11.0
2026-03-02,2026-03-02 02:26:00,1772418360000,13.0
2026-03-02,2026-03-02 02:28:00,1772418480000,13.0
2026-03-02,2026-03-02 02:30:00,1772418600000,11.0
2026-03-02,2026-03-02 02:32:00,1772418720000,13.0
2026-03-02,2026-03-02 02:34:00,1772418840000,13.0
2026-03-02,2026-03-02 02:36:00,1772418960000,13.0
2026-03-02,2026-03-02 02:38:00,1772419080000,13.0
2026-03-02,2026-03-02 02:40:00,1772419200000,13.0
2026-03-02,2026-03-02 02:42:00,1772419320000,13.0
2026-03-02,2026-03-02 02:44:00,1772419440000,13.0
2026-03-02,2026-03-02 02:46:00,1772419560000,12.0
2026-03-02,2026-03-02 02:48:00,1772419680000,13.0
2026-03-02,2026-03-02 02:50:00,1772419800000,13.0
2026-03-02,2026-03-02 02:52:00,1772419920000,13.0
2026-03-02,2026-03-02 02:54:00,1772420040000,13.0
2026-03-02,2026-03-02 02:56:00,1772420160000,12.0
2026-03-02,2026-03-02 02:58:00,1772420280000,12.0
2026-03-02,2026-03-02 03:00:00,1772420400000,12.0
2026-03-02,2026-03-02 03:02:00,1772420520000,13.0
2026-03-02,2026-03-02 03:04:00,1772420640000,13.0
2026-03-02,2026-03-02 03:06:00,1772420760000,13.0
2026-03-02,2026-03-02 03:08:00,1772420880000,13.0
2026-03-02,2026-03-02 03:10:00,1772421000000,13.0
2026-03-02,2026-03-02 03:12:00,1772421120000,13.0
2026-03-02,2026-03-02 03:14:00,1772421240000,13.0
2026-03-02,2026-03-02 03:16:00,1772421360000,14.0
2026-03-02,2026-03-02 03:18:00,1772421480000,17.0
2026-03-02,2026-03-02 03:20:00,1772421600000,16.0
2026-03-02,2026-03-02 03:22:00,1772421720000,14.0
2026-03-02,2026-03-02 03:24:00,1772421840000,12.0
2026-03-02,2026-03-02 03:26:00,1772421960000,12.0
2026-03-02,2026-03-02 03:28:00,1772422080000,14.0
2026-03-02,2026-03-02 03:30:00,1772422200000,15.0
2026-03-02,2026-03-02 03:32:00,1772422320000,12.0
2026-03-02,2026-03-02 03:34:00,1772422440000,11.0
2026-03-02,2026-03-02 03:36:00,1772422560000,17.0
2026-03-02,2026-03-02 03:38:00,1772422680000,19.0
2026-03-02,2026-03-02 03:40:00,1772422800000,16.0
2026-03-02,2026-03-02 03:42:00,1772422920000,11.0
2026-03-02,2026-03-02 03:44:00,1772423040000,12.0
2026-03-02,2026-03-02 03:46:00,1772423160000,15.0
2026-03-02,2026-03-02 03:48:00,1772423280000,13.0
2026-03-02,2026-03-02 03:50:00,1772423400000,11.0
2026-03-02,2026-03-02 03:52:00,1772423520000,12.0
2026-03-02,2026-03-02 03:54:00,1772423640000,12.0
2026-03-02,2026-03-02 03:56:00,1772423760000,11.0
2026-03-02,2026-03-02 03:58:00,1772423880000,13.0
2026-03-02,2026-03-02 04:00:00,1772424000000,12.0
2026-03-02,2026-03-02 04:02:00,1772424120000,13.0
2026-03-02,2026-03-02 04:04:00,1772424240000,12.0
2026-03-02,2026-03-02 04:06:00,1772424360000,13.0
2026-03-02,2026-03-02 04:08:00,1772424480000,13.0
2026-03-02,2026-03-02 04:10:00,1772424600000,11.0
2026-03-02,2026-03-02 04:12:00,1772424720000,11.0
2026-03-02,2026-03-02 04:14:00,1772424840000,11.0
2026-03-02,2026-03-02 04:16:00,1772424960000,12.0
2026-03-02,2026-03-02 04:18:00,1772425080000,13.0
2026-03-02,2026-03-02 04:20:00,1772425200000,11.0
2026-03-02,2026-03-02 04:22:00,1772425320000,12.0
2026-03-02,2026-03-02 04:24:00,1772425440000,12.0
2026-03-02,2026-03-02 04:26:00,1772425560000,12.0
2026-03-02,2026-03-02 04:28:00,1772425680000,10.0
2026-03-02,2026-03-02 04:30:00,1772425800000,12.0
2026-03-02,2026-03-02 04:32:00,1772425920000,13.0
2026-03-02,2026-03-02 04:34:00,1772426040000,12.0
2026-03-02,2026-03-02 04:36:00,1772426160000,17.0
2026-03-02,2026-03-02 04:38:00,1772426280000,15.0
2026-03-02,2026-03-02 04:40:00,1772426400000,14.0
2026-03-02,2026-03-02 04:42:00,1772426520000,13.0
2026-03-02,2026-03-02 04:44:00,1772426640000,12.0
2026-03-02,2026-03-02 04:46:00,1772426760000,11.0
2026-03-02,2026-03-02 04:48:00,1772426880000,11.0
2026-03-02,2026-03-02 04:50:00,1772427000000,11.0
2026-03-02,2026-03-02 04:52:00,1772427120000,11.0
2026-03-02,2026-03-02 04:54:00,1772427240000,10.0
2026-03-02,2026-03-02 04:56:00,1772427360000,11.0
2026-03-02,2026-03-02 04:58:00,1772427480000,11.0
2026-03-02,2026-03-02 05:00:00,1772427600000,14.0
2026-03-02,2026-03-02 05:02:00,1772427720000,13.0
2026-03-02,2026-03-02 05:04:00,1772427840000,13.0
2026-03-02,2026-03-02 05:06:00,1772427960000,12.0
2026-03-02,2026-03-02 05:08:00,1772428080000,14.0
2026-03-02,2026-03-02 05:10:00,1772428200000,15.0
2026-03-02,2026-03-02 05:12:00,1772428320000,12.0
2026-03-02,2026-03-02 05:14:00,1772428440000,12.0
2026-03-02,2026-03-02 05:16:00,1772428560000,10.0
2026-03-02,2026-03-02 05:18:00,1772428680000,11.0
2026-03-02,2026-03-02 05:20:00,1772428800000,12.0
2026-03-02,2026-03-02 05:22:00,1772428920000,12.0
2026-03-02,2026-03-02 05:24:00,1772429040000,11.0
2026-03-02,2026-03-02 05:26:00,1772429160000,10.0
2026-03-02,2026-03-02 05:28:00,1772429280000,14.0
2026-03-02,2026-03-02 05:30:00,1772429400000,14.0
2026-03-02,2026-03-02 05:32:00,1772429520000,13.0
2026-03-02,2026-03-02 05:34:00,1772429640000,9.0
2026-03-02,2026-03-02 05:36:00,1772429760000,10.0
2026-03-02,2026-03-02 05:38:00,1772429880000,11.0
2026-03-02,2026-03-02 05:40:00,1772430000000,12.0
2026-03-02,2026-03-02 05:42:00,1772430120000,12.0
2026-03-02,2026-03-02 05:44:00,1772430240000,11.0
2026-03-02,2026-03-02 05:46:00,1772430360000,10.0
2026-03-02,2026-03-02 05:48:00,1772430480000,13.0
2026-03-02,2026-03-02 05:50:00,1772430600000,11.0
2026-03-02,2026-03-02 05:52:00,1772430720000,11.0
2026-03-02,2026-03-02 05:54:00,1772430840000,12.0
2026-03-02,2026-03-02 05:56:00,1772430960000,12.0
2026-03-02,2026-03-02 05:58:00,1772431080000,12.0
2026-03-02,2026-03-02 06:00:00,1772431200000,12.0
2026-03-02,2026-03-02 06:02:00,1772431320000,13.0
2026-03-02,2026-03-02 06:04:00,1772431440000,12.0
2026-03-02,2026-03-02 06:06:00,1772431560000,13.0
2026-03-02,2026-03-02 06:08:00,1772431680000,13.0
2026-03-02,2026-03-02 06:10:00,1772431800000,12.0
2026-03-02,2026-03-02 06:12:00,1772431920000,9.0
2026-03-02,2026-03-02 06:14:00,1772432040000,9.0
2026-03-02,2026-03-02 06:16:00,1772432160000,11.0
2026-03-02,2026-03-02 06:18:00,1772432280000,13.0
2026-03-02,2026-03-02 06:20:00,1772432400000,15.0
2026-03-02,2026-03-02 06:22:00,1772432520000,15.0
2026-03-02,2026-03-02 06:24:00,1772432640000,13.0
2026-03-02,2026-03-02 06:26:00,1772432760000,11.0
2026-03-02,2026-03-02 06:28:00,1772432880000,10.0
2026-03-02,2026-03-02 06:30:00,1772433000000,12.0
2026-03-02,2026-03-02 06:32:00,1772433120000,13.0
2026-03-02,2026-03-02 06:34:00,1772433240000,11.0
2026-03-03,2026-03-03 01:16:30,1772500590000,14.0
2026-03-03,2026-03-03 01:18:00,1772500680000,13.0
2026-03-03,2026-03-03 01:20:00,1772500800000,13.0
2026-03-03,2026-03-03 01:22:00,1772500920000,13.0
2026-03-03,2026-03-03 01:24:00,1772501040000,13.0
2026-03-03,2026-03-03 01:26:00,1772501160000,13.0
2026-03-03,2026-03-03 01:28:00,1772501280000,13.0
2026-03-03,2026-03-03 01:30:00,1772501400000,14.0
2026-03-03,2026-03-03 01:32:00,1772501520000,14.0
2026-03-03,2026-03-03 01:34:00,1772501640000,14.0
2026-03-03,2026-03-03 01:36:00,1772501760000,14.0
2026-03-03,2026-03-03 01:38:00,1772501880000,13.0
2026-03-03,2026-03-03 01:40:00,1772502000000,13.0
2026-03-03,2026-03-03 01:42:00,1772502120000,12.0
2026-03-03,2026-03-03 01:44:00,1772502240000,13.0
2026-03-03,2026-03-03 01:46:00,1772502360000,13.0
2026-03-03,2026-03-03 01:48:00,1772502480000,12.0
2026-03-03,2026-03-03 01:50:00,1772502600000,13.0
2026-03-03,2026-03-03 01:52:00,1772502720000,13.0
2026-03-03,2026-03-03 01:54:00,1772502840000,13.0
2026-03-03,2026-03-03 01:56:00,1772502960000,13.0
2026-03-03,2026-03-03 01:58:00,1772503080000,13.0
2026-03-03,2026-03-03 02:00:00,1772503200000,12.0
2026-03-03,2026-03-03 02:02:00,1772503320000,13.0
2026-03-03,2026-03-03 02:04:00,1772503440000,13.0
2026-03-03,2026-03-03 02:06:00,1772503560000,13.0
2026-03-03,2026-03-03 02:08:00,1772503680000,12.0
2026-03-03,2026-03-03 02:10:00,1772503800000,12.0
2026-03-03,2026-03-03 02:12:00,1772503920000,14.0
2026-03-03,2026-03-03 02:14:00,1772504040000,12.0
2026-03-03,2026-03-03 02:16:00,1772504160000,12.0
2026-03-03,2026-03-03 02:18:00,1772504280000,12.0
2026-03-03,2026-03-03 02:20:00,1772504400000,11.0
2026-03-03,2026-03-03 02:22:00,1772504520000,11.0
2026-03-03,2026-03-03 02:24:00,1772504640000,12.0
2026-03-03,2026-03-03 02:26:00,1772504760000,11.0
2026-03-03,2026-03-03 02:28:00,1772504880000,12.0
2026-03-03,2026-03-03 02:30:00,1772505000000,11.0
2026-03-03,2026-03-03 02:32:00,1772505120000,12.0
2026-03-03,2026-03-03 02:34:00,1772505240000,12.0
2026-03-03,2026-03-03 02:36:00,1772505360000,12.0
2026-03-03,2026-03-03 02:38:00,1772505480000,11.0
2026-03-03,2026-03-03 02:40:00,1772505600000,12.0
2026-03-03,2026-03-03 02:42:00,1772505720000,13.0
2026-03-03,2026-03-03 02:44:00,1772505840000,13.0
2026-03-03,2026-03-03 02:46:00,1772505960000,16.0
2026-03-03,2026-03-03 02:48:00,1772506080000,16.0
2026-03-03,2026-03-03 02:50:00,1772506200000,17.0
2026-03-03,2026-03-03 02:52:00,1772506320000,15.0
2026-03-03,2026-03-03 02:54:00,1772506440000,11.0
2026-03-03,2026-03-03 02:56:00,1772506560000,12.0
2026-03-03,2026-03-03 02:58:00,1772506680000,12.0
2026-03-03,2026-03-03 03:00:00,1772506800000,14.0
2026-03-03,2026-03-03 03:02:00,1772506920000,12.0
2026-03-03,2026-03-03 03:04:00,1772507040000,13.0
2026-03-03,2026-03-03 03:06:00,1772507160000,13.0
2026-03-03,2026-03-03 03:08:00,1772507280000,14.0
2026-03-03,2026-03-03 03:10:00,1772507400000,14.0
2026-03-03,2026-03-03 03:12:00,1772507520000,14.0
2026-03-03,2026-03-03 03:14:00,1772507640000,13.0
2026-03-03,2026-03-03 03:16:00,1772507760000,14.0
2026-03-03,2026-03-03 03:18:00,1772507880000,14.0
2026-03-03,2026-03-03 03:20:00,1772508000000,14.0
2026-03-03,2026-03-03 03:22:00,1772508120000,14.0
2026-03-03,2026-03-03 03:24:00,1772508240000,14.0
2026-03-03,2026-03-03 03:26:00,1772508360000,14.0
2026-03-03,2026-03-03 03:28:00,1772508480000,14.0
2026-03-03,2026-03-03 03:30:00,1772508600000,14.0
2026-03-03,2026-03-03 03:32:00,1772508720000,15.0
2026-03-03,2026-03-03 03:34:00,1772508840000,13.0
2026-03-03,2026-03-03 03:36:00,1772508960000,10.0
2026-03-03,2026-03-03 03:38:00,1772509080000,10.0
2026-03-03,2026-03-03 03:40:00,1772509200000,11.0
2026-03-03,2026-03-03 03:42:00,1772509320000,12.0
2026-03-03,2026-03-03 03:44:00,1772509440000,15.0
2026-03-03,2026-03-03 03:46:00,1772509560000,15.0
2026-03-03,2026-03-03 03:48:00,1772509680000,17.0
2026-03-03,2026-03-03 03:50:00,1772509800000,15.0
2026-03-03,2026-03-03 03:52:00,1772509920000,11.0
2026-03-03,2026-03-03 03:54:00,1772510040000,12.0
2026-03-03,2026-03-03 03:56:00,1772510160000,11.0
2026-03-03,2026-03-03 03:58:00,1772510280000,11.0
2026-03-03,2026-03-03 04:00:00,1772510400000,12.0
2026-03-03,2026-03-03 04:02:00,1772510520000,11.0
2026-03-03,2026-03-03 04:04:00,1772510640000,11.0
2026-03-03,2026-03-03 04:06:00,1772510760000,12.0
2026-03-03,2026-03-03 04:08:00,1772510880000,12.0
2026-03-03,2026-03-03 04:10:00,1772511000000,12.0
2026-03-03,2026-03-03 04:12:00,1772511120000,13.0
2026-03-03,2026-03-03 04:14:00,1772511240000,12.0
2026-03-03,2026-03-03 04:16:00,1772511360000,12.0
2026-03-03,2026-03-03 04:18:00,1772511480000,13.0
2026-03-03,2026-03-03 04:20:00,1772511600000,13.0
2026-03-03,2026-03-03 04:22:00,1772511720000,12.0
2026-03-03,2026-03-03 04:24:00,1772511840000,12.0
2026-03-03,2026-03-03 04:26:00,1772511960000,13.0
2026-03-03,2026-03-03 04:28:00,1772512080000,12.0
2026-03-03,2026-03-03 04:30:00,1772512200000,12.0
2026-03-03,2026-03-03 04:32:00,1772512320000,13.0
2026-03-03,2026-03-03 04:34:00,1772512440000,13.0
2026-03-03,2026-03-03 04:36:00,1772512560000,13.0
2026-03-03,2026-03-03 04:38:00,1772512680000,9.0
2026-03-03,2026-03-03 04:40:00,1772512800000,11.0
2026-03-03,2026-03-03 04:42:00,1772512920000,11.0
2026-03-03,2026-03-03 04:44:00,1772513040000,9.0
2026-03-03,2026-03-03 04:46:00,1772513160000,11.0
2026-03-03,2026-03-03 04:48:00,1772513280000,11.0
2026-03-03,2026-03-03 04:50:00,1772513400000,12.0
2026-03-03,2026-03-03 04:52:00,1772513520000,11.0
2026-03-03,2026-03-03 04:54:00,1772513640000,11.0
2026-03-03,2026-03-03 04:56:00,1772513760000,11.0
2026-03-03,2026-03-03 04:58:00,1772513880000,10.0
2026-03-03,2026-03-03 05:00:00,1772514000000,12.0
2026-03-03,2026-03-03 05:02:00,1772514120000,17.0
2026-03-03,2026-03-03 05:04:00,1772514240000,17.0
2026-03-03,2026-03-03 05:06:00,1772514360000,15.0
2026-03-03,2026-03-03 05:08:00,1772514480000,14.0
2026-03-03,2026-03-03 05:10:00,1772514600000,16.0
2026-03-03,2026-03-03 05:12:00,1772514720000,14.0
2026-03-03,2026-03-03 05:14:00,1772514840000,12.0
2026-03-03,2026-03-03 05:16:00,1772514960000,11.0
2026-03-03,2026-03-03 05:18:00,1772515080000,12.0
2026-03-03,2026-03-03 05:20:00,1772515200000,12.0
2026-03-03,2026-03-03 05:22:00,1772515320000,13.0
2026-03-03,2026-03-03 05:24:00,1772515440000,13.0
2026-03-03,2026-03-03 05:26:00,1772515560000,10.0
2026-03-03,2026-03-03 05:28:00,1772515680000,11.0
2026-03-03,2026-03-03 05:30:00,1772515800000,13.0
2026-03-03,2026-03-03 05:32:00,1772515920000,12.0
2026-03-03,2026-03-03 05:34:00,1772516040000,12.0
2026-03-03,2026-03-03 05:36:00,1772516160000,11.0
2026-03-03,2026-03-03 05:38:00,1772516280000,11.0
2026-03-03,2026-03-03 05:40:00,1772516400000,11.0
2026-03-03,2026-03-03 05:42:00,1772516520000,11.0
2026-03-03,2026-03-03 05:44:00,1772516640000,11.0
2026-03-03,2026-03-03 05:46:00,1772516760000,12.0
2026-03-03,2026-03-03 05:48:00,1772516880000,11.0
2026-03-03,2026-03-03 05:50:00,1772517000000,12.0
2026-03-03,2026-03-03 05:52:00,1772517120000,12.0
2026-03-03,2026-03-03 05:54:00,1772517240000,12.0
2026-03-03,2026-03-03 05:56:00,1772517360000,12.0
2026-03-03,2026-03-03 05:58:00,1772517480000,12.0
2026-03-03,2026-03-03 06:00:00,1772517600000,12.0
2026-03-03,2026-03-03 06:02:00,1772517720000,11.0
2026-03-03,2026-03-03 06:04:00,1772517840000,13.0
2026-03-03,2026-03-03 06:06:00,1772517960000,12.0
2026-03-03,2026-03-03 06:08:00,1772518080000,11.0
2026-03-03,2026-03-03 06:10:00,1772518200000,12.0
2026-03-03,2026-03-03 06:12:00,1772518320000,13.0
2026-03-03,2026-03-03 06:14:00,1772518440000,13.0
2026-03-03,2026-03-03 06:16:00,1772518560000,12.0
2026-03-03,2026-03-03 06:18:00,1772518680000,13.0
2026-03-03,2026-03-03 06:20:00,1772518800000,13.0
2026-03-03,2026-03-03 06:22:00,1772518920000,13.0
2026-03-03,2026-03-03 06:24:00,1772519040000,13.0
2026-03-03,2026-03-03 06:26:00,1772519160000,14.0
2026-03-03,2026-03-03 06:28:00,1772519280000,13.0
2026-03-03,2026-03-03 06:30:00,1772519400000,14.0
2026-03-03,2026-03-03 06:32:00,1772519520000,13.0
2026-03-03,2026-03-03 06:34:00,1772519640000,12.0
2026-03-03,2026-03-03 06:36:00,1772519760000,12.0
2026-03-03,2026-03-03 06:38:00,1772519880000,12.0
2026-03-03,2026-03-03 06:40:00,1772520000000,13.0
2026-03-03,2026-03-03 06:42:00,1772520120000,11.0
2026-03-03,2026-03-03 06:44:00,1772520240000,11.0
2026-03-03,2026-03-03 06:46:00,1772520360000,12.0
2026-03-03,2026-03-03 06:48:00,1772520480000,12.0
2026-03-03,2026-03-03 06:50:00,1772520600000,12.0
2026-03-03,2026-03-03 06:52:00,1772520720000,12.0
2026-03-03,2026-03-03 06:54:00,1772520840000,12.0
2026-03-03,2026-03-03 06:56:00,1772520960000,12.0
2026-03-03,2026-03-03 06:58:00,1772521080000,11.0
2026-03-03,2026-03-03 07:00:00,1772521200000,12.0
2026-03-03,2026-03-03 07:02:00,1772521320000,11.0
2026-03-03,2026-03-03 07:04:00,1772521440000,11.0
2026-03-03,2026-03-03 07:06:00,1772521560000,12.0
2026-03-03,2026-03-03 07:08:00,1772521680000,12.0
2026-03-03,2026-03-03 07:10:00,1772521800000,12.0
2026-03-03,2026-03-03 07:12:00,1772521920000,11.0
2026-03-03,2026-03-03 07:14:00,1772522040000,11.0
2026-03-03,2026-03-03 07:16:00,1772522160000,12.0
2026-03-03,2026-03-03 07:18:00,1772522280000,14.0
2026-03-03,2026-03-03 07:20:00,1772522400000,12.0
2026-03-03,2026-03-03 07:22:00,1772522520000,11.0
2026-03-03,2026-03-03 07:24:00,1772522640000,11.0
2026-03-03,2026-03-03 07:26:00,1772522760000,13.0
2026-03-03,2026-03-03 07:28:00,1772522880000,13.0
2026-03-03,2026-03-03 07:30:00,1772523000000,15.0
2026-03-03,2026-03-03 07:32:00,1772523120000,17.0
2026-03-03,2026-03-03 07:34:00,1772523240000,12.0
2026-03-03,2026-03-03 07:36:00,1772523360000,14.0
2026-03-03,2026-03-03 07:38:00,1772523480000,15.0
2026-03-03,2026-03-03 07:40:00,1772523600000,13.0
2026-03-03,2026-03-03 07:42:00,1772523720000,13.0
2026-03-03,2026-03-03 07:44:00,1772523840000,12.0
2026-03-03,2026-03-03 07:46:00,1772523960000,12.0
2026-03-03,2026-03-03 07:48:00,1772524080000,12.0
2026-03-03,2026-03-03 07:50:00,1772524200000,11.0
2026-03-03,2026-03-03 07:52:00,1772524320000,12.0
2026-03-03,2026-03-03 07:54:00,1772524440000,11.0
2026-03-03,2026-03-03 07:56:00,1772524560000,12.0
2026-03-03,2026-03-03 07:58:00,1772524680000,11.0
2026-03-03,2026-03-03 08:00:00,1772524800000,11.0
2026-03-03,2026-03-03 08:02:00,1772524920000,10.0
2026-03-03,2026-03-03 08:04:00,1772525040000,10.0
2026-03-03,2026-03-03 08:06:00,1772525160000,11.0
2026-03-03,2026-03-03 08:08:00,1772525280000,11.0
2026-03-03,2026-03-03 08:10:00,1772525400000,12.0
2026-03-03,2026-03-03 08:12:00,1772525520000,11.0
2026-03-03,2026-03-03 08:14:00,1772525640000,13.0
2026-03-03,2026-03-03 08:16:00,1772525760000,13.0
2026-03-03,2026-03-03 08:18:00,1772525880000,11.0
2026-03-03,2026-03-03 08:20:00,1772526000000,14.0
2026-03-03,2026-03-03 08:22:00,1772526120000,17.0
2026-03-03,2026-03-03 08:24:00,1772526240000,19.0
2026-03-03,2026-03-03 08:26:00,1772526360000,16.0
2026-03-03,2026-03-03 08:28:00,1772526480000,14.0
2026-03-03,2026-03-03 08:30:00,1772526600000,15.0
2026-03-03,2026-03-03 08:32:00,1772526720000,13.0
2026-03-03,2026-03-03 08:34:00,1772526840000,11.0
2026-03-03,2026-03-03 08:36:00,1772526960000,9.0
2026-03-03,2026-03-03 08:38:00,1772527080000,11.0
2026-03-04,2026-03-04 00:36:10,1772584570000,15.0
2026-03-04,2026-03-04 00:38:00,1772584680000,13.0
2026-03-04,2026-03-04 00:40:00,1772584800000,14.0
2026-03-04,2026-03-04 00:42:00,1772584920000,13.0
2026-03-04,2026-03-04 00:44:00,1772585040000,14.0
2026-03-04,2026-03-04 00:46:00,1772585160000,14.0
2026-03-04,2026-03-04 00:48:00,1772585280000,14.0
2026-03-04,2026-03-04 00:50:00,1772585400000,14.0
2026-03-04,2026-03-04 00:52:00,1772585520000,14.0
2026-03-04,2026-03-04 00:54:00,1772585640000,15.0
2026-03-04,2026-03-04 00:56:00,1772585760000,13.0
2026-03-04,2026-03-04 00:58:00,1772585880000,14.0
2026-03-04,2026-03-04 01:00:00,1772586000000,15.0
2026-03-04,2026-03-04 01:02:00,1772586120000,14.0
2026-03-04,2026-03-04 01:04:00,1772586240000,14.0
2026-03-04,2026-03-04 01:06:00,1772586360000,14.0
2026-03-04,2026-03-04 01:08:00,1772586480000,15.0
2026-03-04,2026-03-04 01:10:00,1772586600000,14.0
2026-03-04,2026-03-04 01:12:00,1772586720000,15.0
2026-03-04,2026-03-04 01:14:00,1772586840000,14.0
2026-03-04,2026-03-04 01:16:00,1772586960000,14.0
2026-03-04,2026-03-04 01:18:00,1772587080000,14.0
2026-03-04,2026-03-04 01:20:00,1772587200000,14.0
2026-03-04,2026-03-04 01:22:00,1772587320000,12.0
2026-03-04,2026-03-04 01:24:00,1772587440000,12.0
2026-03-04,2026-03-04 01:26:00,1772587560000,11.0
2026-03-04,2026-03-04 01:28:00,1772587680000,9.0
2026-03-04,2026-03-04 01:30:00,1772587800000,10.0
2026-03-04,2026-03-04 01:32:00,1772587920000,10.0
2026-03-04,2026-03-04 01:34:00,1772588040000,8.0
2026-03-04,2026-03-04 01:36:00,1772588160000,8.0
2026-03-04,2026-03-04 01:38:00,1772588280000,6.0
2026-03-04,2026-03-04 01:40:00,1772588400000,12.0
2026-03-04,2026-03-04 01:42:00,1772588520000,9.0
2026-03-04,2026-03-04 01:44:00,1772588640000,9.0
2026-03-04,2026-03-04 01:46:00,1772588760000,10.0
2026-03-04,2026-03-04 01:48:00,1772588880000,11.0
2026-03-04,2026-03-04 01:50:00,1772589000000,11.0
2026-03-04,2026-03-04 01:52:00,1772589120000,12.0
2026-03-04,2026-03-04 01:54:00,1772589240000,11.0
2026-03-04,2026-03-04 01:56:00,1772589360000,10.0
2026-03-04,2026-03-04 01:58:00,1772589480000,10.0
2026-03-04,2026-03-04 02:00:00,1772589600000,12.0
2026-03-04,2026-03-04 02:02:00,1772589720000,11.0
2026-03-04,2026-03-04 02:04:00,1772589840000,12.0
2026-03-04,2026-03-04 02:06:00,1772589960000,12.0
2026-03-04,2026-03-04 02:08:00,1772590080000,12.0
2026-03-04,2026-03-04 02:10:00,1772590200000,9.0
2026-03-04,2026-03-04 02:12:00,1772590320000,11.0
2026-03-04,2026-03-04 02:14:00,1772590440000,10.0
2026-03-04,2026-03-04 02:16:00,1772590560000,12.0
2026-03-04,2026-03-04 02:18:00,1772590680000,13.0
2026-03-04,2026-03-04 02:20:00,1772590800000,13.0
2026-03-04,2026-03-04 02:22:00,1772590920000,12.0
2026-03-04,2026-03-04 02:24:00,1772591040000,12.0
2026-03-04,2026-03-04 02:26:00,1772591160000,13.0
2026-03-04,2026-03-04 02:28:00,1772591280000,12.0
2026-03-04,2026-03-04 02:30:00,1772591400000,13.0
2026-03-04,2026-03-04 02:32:00,1772591520000,13.0
2026-03-04,2026-03-04 02:34:00,1772591640000,13.0
2026-03-04,2026-03-04 02:36:00,1772591760000,12.0
2026-03-04,2026-03-04 02:38:00,1772591880000,12.0
2026-03-04,2026-03-04 02:40:00,1772592000000,12.0
2026-03-04,2026-03-04 02:42:00,1772592120000,10.0
2026-03-04,2026-03-04 02:44:00,1772592240000,13.0
2026-03-04,2026-03-04 02:46:00,1772592360000,13.0
2026-03-04,2026-03-04 02:48:00,1772592480000,13.0
2026-03-04,2026-03-04 02:50:00,1772592600000,14.0
2026-03-04,2026-03-04 02:52:00,1772592720000,13.0
2026-03-04,2026-03-04 02:54:00,1772592840000,13.0
2026-03-04,2026-03-04 02:56:00,1772592960000,12.0
2026-03-04,2026-03-04 02:58:00,1772593080000,15.0
2026-03-04,2026-03-04 03:00:00,1772593200000,14.0
2026-03-04,2026-03-04 03:02:00,1772593320000,13.0
2026-03-04,2026-03-04 03:04:00,1772593440000,12.0
2026-03-04,2026-03-04 03:06:00,1772593560000,12.0
2026-03-04,2026-03-04 03:08:00,1772593680000,13.0
2026-03-04,2026-03-04 03:10:00,1772593800000,12.0
2026-03-04,2026-03-04 03:12:00,1772593920000,12.0
2026-03-04,2026-03-04 03:14:00,1772594040000,13.0
2026-03-04,2026-03-04 03:16:00,1772594160000,12.0
2026-03-04,2026-03-04 03:18:00,1772594280000,12.0
2026-03-04,2026-03-04 03:20:00,1772594400000,15.0
2026-03-04,2026-03-04 03:22:00,1772594520000,14.0
2026-03-04,2026-03-04 03:24:00,1772594640000,13.0
2026-03-04,2026-03-04 03:26:00,1772594760000,14.0
2026-03-04,2026-03-04 03:28:00,1772594880000,13.0
2026-03-04,2026-03-04 03:30:00,1772595000000,12.0
2026-03-04,2026-03-04 03:32:00,1772595120000,12.0
2026-03-04,2026-03-04 03:34:00,1772595240000,10.0
2026-03-04,2026-03-04 03:36:00,1772595360000,11.0
2026-03-04,2026-03-04 03:38:00,1772595480000,12.0
2026-03-04,2026-03-04 03:40:00,1772595600000,13.0
2026-03-04,2026-03-04 03:42:00,1772595720000,9.0
2026-03-04,2026-03-04 03:44:00,1772595840000,12.0
2026-03-04,2026-03-04 03:46:00,1772595960000,12.0
2026-03-04,2026-03-04 03:48:00,1772596080000,12.0
2026-03-04,2026-03-04 03:50:00,1772596200000,13.0
2026-03-04,2026-03-04 03:52:00,1772596320000,12.0
2026-03-04,2026-03-04 03:54:00,1772596440000,12.0
2026-03-04,2026-03-04 03:56:00,1772596560000,13.0
2026-03-04,2026-03-04 03:58:00,1772596680000,12.0
2026-03-04,2026-03-04 04:00:00,1772596800000,13.0
2026-03-04,2026-03-04 04:02:00,1772596920000,13.0
2026-03-04,2026-03-04 04:04:00,1772597040000,13.0
2026-03-04,2026-03-04 04:06:00,1772597160000,13.0
2026-03-04,2026-03-04 04:08:00,1772597280000,13.0
2026-03-04,2026-03-04 04:10:00,1772597400000,12.0
2026-03-04,2026-03-04 04:12:00,1772597520000,12.0
2026-03-04,2026-03-04 04:14:00,1772597640000,11.0
2026-03-04,2026-03-04 04:16:00,1772597760000,12.0
2026-03-04,2026-03-04 04:18:00,1772597880000,12.0
2026-03-04,2026-03-04 04:20:00,1772598000000,12.0
2026-03-04,2026-03-04 04:22:00,1772598120000,12.0
2026-03-04,2026-03-04 04:24:00,1772598240000,13.0
2026-03-04,2026-03-04 04:26:00,1772598360000,13.0
2026-03-04,2026-03-04 04:28:00,1772598480000,13.0
2026-03-04,2026-03-04 04:30:00,1772598600000,13.0
2026-03-04,2026-03-04 04:32:00,1772598720000,13.0
2026-03-04,2026-03-04 04:34:00,1772598840000,12.0
2026-03-04,2026-03-04 04:36:00,1772598960000,12.0
2026-03-04,2026-03-04 04:38:00,1772599080000,12.0
2026-03-04,2026-03-04 04:40:00,1772599200000,12.0
2026-03-04,2026-03-04 04:42:00,1772599320000,12.0
2026-03-04,2026-03-04 04:44:00,1772599440000,13.0
2026-03-04,2026-03-04 04:46:00,1772599560000,13.0
2026-03-04,2026-03-04 04:48:00,1772599680000,14.0
2026-03-04,2026-03-04 04:50:00,1772599800000,14.0
2026-03-04,2026-03-04 04:52:00,1772599920000,13.0
2026-03-04,2026-03-04 04:54:00,1772600040000,12.0
2026-03-04,2026-03-04 04:56:00,1772600160000,13.0
2026-03-04,2026-03-04 04:58:00,1772600280000,11.0
2026-03-04,2026-03-04 05:00:00,1772600400000,10.0
2026-03-04,2026-03-04 05:02:00,1772600520000,11.0
2026-03-04,2026-03-04 05:04:00,1772600640000,11.0
2026-03-04,2026-03-04 05:06:00,1772600760000,13.0
2026-03-04,2026-03-04 05:08:00,1772600880000,13.0
2026-03-04,2026-03-04 05:10:00,1772601000000,13.0
2026-03-04,2026-03-04 05:12:00,1772601120000,12.0
2026-03-04,2026-03-04 05:14:00,1772601240000,13.0
2026-03-04,2026-03-04 05:16:00,1772601360000,11.0
2026-03-04,2026-03-04 05:18:00,1772601480000,13.0
2026-03-04,2026-03-04 05:20:00,1772601600000,13.0
2026-03-04,2026-03-04 05:22:00,1772601720000,11.0
2026-03-04,2026-03-04 05:24:00,1772601840000,11.0
2026-03-04,2026-03-04 05:26:00,1772601960000,11.0
2026-03-04,2026-03-04 05:28:00,1772602080000,11.0
2026-03-04,2026-03-04 05:30:00,1772602200000,12.0
2026-03-04,2026-03-04 05:32:00,1772602320000,12.0
2026-03-04,2026-03-04 05:34:00,1772602440000,11.0
2026-03-04,2026-03-04 05:36:00,1772602560000,17.0
2026-03-04,2026-03-04 05:38:00,1772602680000,20.0
2026-03-04,2026-03-04 05:40:00,1772602800000,17.0
2026-03-04,2026-03-04 05:42:00,1772602920000,13.0
2026-03-04,2026-03-04 05:44:00,1772603040000,12.0
2026-03-04,2026-03-04 05:46:00,1772603160000,13.0
2026-03-04,2026-03-04 05:48:00,1772603280000,14.0
2026-03-04,2026-03-04 05:50:00,1772603400000,12.0
2026-03-04,2026-03-04 05:52:00,1772603520000,13.0
2026-03-04,2026-03-04 05:54:00,1772603640000,14.0
2026-03-04,2026-03-04 05:56:00,1772603760000,14.0
2026-03-04,2026-03-04 05:58:00,1772603880000,14.0
2026-03-04,2026-03-04 06:00:00,1772604000000,13.0
2026-03-04,2026-03-04 06:02:00,1772604120000,11.0
2026-03-04,2026-03-04 06:04:00,1772604240000,15.0
2026-03-04,2026-03-04 06:06:00,1772604360000,14.0
2026-03-04,2026-03-04 06:08:00,1772604480000,12.0
2026-03-04,2026-03-04 06:10:00,1772604600000,11.0
2026-03-04,2026-03-04 06:12:00,1772604720000,11.0
2026-03-04,2026-03-04 06:14:00,1772604840000,11.0
2026-03-04,2026-03-04 06:16:00,1772604960000,11.0
2026-03-04,2026-03-04 06:18:00,1772605080000,12.0
2026-03-04,2026-03-04 06:20:00,1772605200000,13.0
2026-03-04,2026-03-04 06:22:00,1772605320000,13.0
2026-03-04,2026-03-04 06:24:00,1772605440000,12.0
2026-03-04,2026-03-04 06:26:00,1772605560000,12.0
2026-03-04,2026-03-04 06:28:00,1772605680000,13.0
2026-03-04,2026-03-04 06:30:00,1772605800000,13.0
2026-03-04,2026-03-04 06:32:00,1772605920000,13.0
2026-03-04,2026-03-04 06:34:00,1772606040000,13.0
2026-03-04,2026-03-04 06:36:00,1772606160000,13.0
2026-03-04,2026-03-04 06:38:00,1772606280000,13.0
2026-03-04,2026-03-04 06:40:00,1772606400000,13.0
2026-03-04,2026-03-04 06:42:00,1772606520000,11.0
2026-03-04,2026-03-04 06:44:00,1772606640000,11.0
2026-03-04,2026-03-04 06:46:00,1772606760000,11.0
2026-03-04,2026-03-04 06:48:00,1772606880000,12.0
2026-03-04,2026-03-04 06:50:00,1772607000000,12.0
2026-03-04,2026-03-04 06:52:00,1772607120000,12.0
2026-03-04,2026-03-04 06:54:00,1772607240000,12.0
2026-03-04,2026-03-04 06:56:00,1772607360000,12.0
2026-03-04,2026-03-04 06:58:00,1772607480000,12.0
2026-03-04,2026-03-04 07:00:00,1772607600000,11.0
2026-03-04,2026-03-04 07:02:00,1772607720000,10.0
2026-03-04,2026-03-04 07:04:00,1772607840000,11.0
2026-03-04,2026-03-04 07:06:00,1772607960000,11.0
2026-03-05,2026-03-05 01:03:33,1772672613000,13.0
2026-03-05,2026-03-05 01:04:00,1772672640000,13.0
2026-03-05,2026-03-05 01:06:00,1772672760000,13.0
2026-03-05,2026-03-05 01:08:00,1772672880000,13.0
2026-03-05,2026-03-05 01:10:00,1772673000000,13.0
2026-03-05,2026-03-05 01:12:00,1772673120000,13.0
2026-03-05,2026-03-05 01:14:00,1772673240000,13.0
2026-03-05,2026-03-05 01:16:00,1772673360000,13.0
2026-03-05,2026-03-05 01:18:00,1772673480000,13.0
2026-03-05,2026-03-05 01:20:00,1772673600000,13.0
2026-03-05,2026-03-05 01:22:00,1772673720000,13.0
2026-03-05,2026-03-05 01:24:00,1772673840000,12.0
2026-03-05,2026-03-05 01:26:00,1772673960000,13.0
2026-03-05,2026-03-05 01:28:00,1772674080000,13.0
2026-03-05,2026-03-05 01:30:00,1772674200000,12.0
2026-03-05,2026-03-05 01:32:00,1772674320000,13.0
2026-03-05,2026-03-05 01:34:00,1772674440000,13.0
2026-03-05,2026-03-05 01:36:00,1772674560000,13.0
2026-03-05,2026-03-05 01:38:00,1772674680000,14.0
2026-03-05,2026-03-05 01:40:00,1772674800000,12.0
2026-03-05,2026-03-05 01:42:00,1772674920000,14.0
2026-03-05,2026-03-05 01:44:00,1772675040000,14.0
2026-03-05,2026-03-05 01:46:00,1772675160000,14.0
2026-03-05,2026-03-05 01:48:00,1772675280000,13.0
2026-03-05,2026-03-05 01:50:00,1772675400000,11.0
2026-03-05,2026-03-05 01:52:00,1772675520000,11.0
2026-03-05,2026-03-05 01:54:00,1772675640000,12.0
2026-03-05,2026-03-05 01:56:00,1772675760000,13.0
2026-03-05,2026-03-05 01:58:00,1772675880000,13.0
2026-03-05,2026-03-05 02:00:00,1772676000000,10.0
2026-03-05,2026-03-05 02:02:00,1772676120000,12.0
2026-03-05,2026-03-05 02:04:00,1772676240000,12.0
2026-03-05,2026-03-05 02:06:00,1772676360000,14.0
2026-03-05,2026-03-05 02:08:00,1772676480000,11.0
2026-03-05,2026-03-05 02:10:00,1772676600000,12.0
2026-03-05,2026-03-05 02:12:00,1772676720000,11.0
2026-03-05,2026-03-05 02:14:00,1772676840000,11.0
2026-03-05,2026-03-05 02:16:00,1772676960000,13.0
2026-03-05,2026-03-05 02:18:00,1772677080000,17.0
2026-03-05,2026-03-05 02:20:00,1772677200000,16.0
2026-03-05,2026-03-05 02:22:00,1772677320000,15.0
2026-03-05,2026-03-05 02:24:00,1772677440000,11.0
2026-03-05,2026-03-05 02:26:00,1772677560000,13.0
2026-03-05,2026-03-05 02:28:00,1772677680000,13.0
2026-03-05,2026-03-05 02:30:00,1772677800000,12.0
2026-03-05,2026-03-05 02:32:00,1772677920000,13.0
2026-03-05,2026-03-05 02:34:00,1772678040000,15.0
2026-03-05,2026-03-05 02:36:00,1772678160000,13.0
2026-03-05,2026-03-05 02:38:00,1772678280000,13.0
2026-03-05,2026-03-05 02:40:00,1772678400000,12.0
2026-03-05,2026-03-05 02:42:00,1772678520000,14.0
2026-03-05,2026-03-05 02:44:00,1772678640000,12.0
2026-03-05,2026-03-05 02:46:00,1772678760000,12.0
2026-03-05,2026-03-05 02:48:00,1772678880000,9.0
2026-03-05,2026-03-05 02:50:00,1772679000000,12.0
2026-03-05,2026-03-05 02:52:00,1772679120000,12.0
2026-03-05,2026-03-05 02:54:00,1772679240000,12.0
2026-03-05,2026-03-05 02:56:00,1772679360000,12.0
2026-03-05,2026-03-05 02:58:00,1772679480000,12.0
2026-03-05,2026-03-05 03:00:00,1772679600000,13.0
2026-03-05,2026-03-05 03:02:00,1772679720000,12.0
2026-03-05,2026-03-05 03:04:00,1772679840000,12.0
2026-03-05,2026-03-05 03:06:00,1772679960000,13.0
2026-03-05,2026-03-05 03:08:00,1772680080000,13.0
2026-03-05,2026-03-05 03:10:00,1772680200000,12.0
2026-03-05,2026-03-05 03:12:00,1772680320000,13.0
2026-03-05,2026-03-05 03:14:00,1772680440000,14.0
2026-03-05,2026-03-05 03:16:00,1772680560000,12.0
2026-03-05,2026-03-05 03:18:00,1772680680000,13.0
2026-03-05,2026-03-05 03:20:00,1772680800000,12.0
2026-03-05,2026-03-05 03:22:00,1772680920000,12.0
2026-03-05,2026-03-05 03:24:00,1772681040000,15.0
2026-03-05,2026-03-05 03:26:00,1772681160000,14.0
2026-03-05,2026-03-05 03:28:00,1772681280000,21.0
2026-03-05,2026-03-05 03:30:00,1772681400000,21.0
2026-03-05,2026-03-05 03:32:00,1772681520000,19.0
2026-03-05,2026-03-05 03:34:00,1772681640000,17.0
2026-03-05,2026-03-05 03:36:00,1772681760000,16.0
2026-03-05,2026-03-05 03:38:00,1772681880000,9.0
2026-03-05,2026-03-05 03:40:00,1772682000000,8.0
2026-03-05,2026-03-05 03:42:00,1772682120000,6.0
2026-03-05,2026-03-05 03:44:00,1772682240000,7.0
2026-03-05,2026-03-05 03:46:00,1772682360000,9.0
2026-03-05,2026-03-05 03:48:00,1772682480000,13.0
2026-03-05,2026-03-05 03:50:00,1772682600000,12.0
2026-03-05,2026-03-05 03:52:00,1772682720000,13.0
2026-03-05,2026-03-05 03:54:00,1772682840000,12.0
2026-03-05,2026-03-05 03:56:00,1772682960000,12.0
2026-03-05,2026-03-05 03:58:00,1772683080000,11.0
2026-03-05,2026-03-05 04:00:00,1772683200000,13.0
2026-03-05,2026-03-05 04:02:00,1772683320000,13.0
2026-03-05,2026-03-05 04:04:00,1772683440000,12.0
2026-03-05,2026-03-05 04:06:00,1772683560000,13.0
2026-03-05,2026-03-05 04:08:00,1772683680000,12.0
2026-03-05,2026-03-05 04:10:00,1772683800000,14.0
2026-03-05,2026-03-05 04:12:00,1772683920000,13.0
2026-03-05,2026-03-05 04:14:00,1772684040000,10.0
2026-03-05,2026-03-05 04:16:00,1772684160000,10.0
2026-03-05,2026-03-05 04:18:00,1772684280000,11.0
2026-03-05,2026-03-05 04:20:00,1772684400000,13.0
2026-03-05,2026-03-05 04:22:00,1772684520000,13.0
2026-03-05,2026-03-05 04:24:00,1772684640000,12.0
2026-03-05,2026-03-05 04:26:00,1772684760000,12.0
2026-03-05,2026-03-05 04:28:00,1772684880000,13.0
2026-03-05,2026-03-05 04:30:00,1772685000000,12.0
2026-03-05,2026-03-05 04:32:00,1772685120000,12.0
2026-03-05,2026-03-05 04:34:00,1772685240000,14.0
2026-03-05,2026-03-05 04:36:00,1772685360000,13.0
2026-03-05,2026-03-05 04:38:00,1772685480000,11.0
2026-03-05,2026-03-05 04:40:00,1772685600000,15.0
2026-03-05,2026-03-05 04:42:00,1772685720000,11.0
2026-03-05,2026-03-05 04:44:00,1772685840000,12.0
2026-03-05,2026-03-05 04:46:00,1772685960000,12.0
2026-03-05,2026-03-05 04:48:00,1772686080000,12.0
2026-03-05,2026-03-05 04:50:00,1772686200000,14.0
2026-03-05,2026-03-05 04:52:00,1772686320000,16.0
2026-03-05,2026-03-05 04:54:00,1772686440000,13.0
2026-03-05,2026-03-05 04:56:00,1772686560000,13.0
2026-03-05,2026-03-05 04:58:00,1772686680000,11.0
2026-03-05,2026-03-05 05:00:00,1772686800000,13.0
2026-03-05,2026-03-05 05:02:00,1772686920000,11.0
2026-03-05,2026-03-05 05:04:00,1772687040000,11.0
2026-03-05,2026-03-05 05:06:00,1772687160000,11.0
2026-03-05,2026-03-05 05:08:00,1772687280000,13.0
2026-03-05,2026-03-05 05:10:00,1772687400000,13.0
2026-03-05,2026-03-05 05:12:00,1772687520000,12.0
2026-03-05,2026-03-05 05:14:00,1772687640000,13.0
2026-03-05,2026-03-05 05:16:00,1772687760000,13.0
2026-03-05,2026-03-05 05:18:00,1772687880000,11.0
2026-03-05,2026-03-05 05:20:00,1772688000000,12.0
2026-03-05,2026-03-05 05:22:00,1772688120000,13.0
2026-03-05,2026-03-05 05:24:00,1772688240000,12.0
2026-03-05,2026-03-05 05:26:00,1772688360000,12.0
2026-03-05,2026-03-05 05:28:00,1772688480000,12.0
2026-03-05,2026-03-05 05:30:00,1772688600000,12.0
2026-03-05,2026-03-05 05:32:00,1772688720000,12.0
2026-03-05,2026-03-05 05:34:00,1772688840000,13.0
2026-03-05,2026-03-05 05:36:00,1772688960000,14.0
2026-03-05,2026-03-05 05:38:00,1772689080000,14.0
2026-03-05,2026-03-05 05:40:00,1772689200000,14.0
2026-03-05,2026-03-05 05:42:00,1772689320000,13.0
2026-03-05,2026-03-05 05:44:00,1772689440000,10.0
2026-03-05,2026-03-05 05:46:00,1772689560000,12.0
2026-03-05,2026-03-05 05:48:00,1772689680000,12.0
2026-03-05,2026-03-05 05:50:00,1772689800000,11.0
2026-03-05,2026-03-05 05:52:00,1772689920000,13.0
2026-03-05,2026-03-05 05:54:00,1772690040000,12.0
2026-03-05,2026-03-05 05:56:00,1772690160000,12.0
2026-03-05,2026-03-05 05:58:00,1772690280000,12.0
2026-03-05,2026-03-05 06:00:00,1772690400000,12.0
2026-03-05,2026-03-05 06:02:00,1772690520000,12.0
2026-03-05,2026-03-05 06:04:00,1772690640000,12.0
2026-03-05,2026-03-05 06:06:00,1772690760000,12.0
2026-03-05,2026-03-05 06:08:00,1772690880000,13.0
2026-03-05,2026-03-05 06:10:00,1772691000000,13.0
2026-03-05,2026-03-05 06:12:00,1772691120000,12.0
2026-03-05,2026-03-05 06:14:00,1772691240000,11.0
2026-03-05,2026-03-05 06:16:00,1772691360000,12.0
2026-03-05,2026-03-05 06:18:00,1772691480000,12.0
2026-03-05,2026-03-05 06:20:00,1772691600000,11.0
2026-03-05,2026-03-05 06:22:00,1772691720000,14.0
2026-03-05,2026-03-05 06:24:00,1772691840000,12.0
2026-03-05,2026-03-05 06:26:00,1772691960000,13.0
2026-03-05,2026-03-05 06:28:00,1772692080000,12.0
2026-03-05,2026-03-05 06:30:00,1772692200000,11.0
2026-03-05,2026-03-05 06:32:00,1772692320000,11.0
2026-03-05,2026-03-05 06:34:00,1772692440000,12.0
2026-03-05,2026-03-05 06:36:00,1772692560000,13.0
2026-03-05,2026-03-05 06:38:00,1772692680000,16.0
2026-03-05,2026-03-05 06:40:00,1772692800000,18.0
2026-03-05,2026-03-05 06:42:00,1772692920000,13.0
2026-03-05,2026-03-05 06:44:00,1772693040000,15.0
2026-03-05,2026-03-05 06:46:00,1772693160000,17.0
2026-03-05,2026-03-05 06:48:00,1772693280000,14.0
2026-03-05,2026-03-05 06:50:00,1772693400000,14.0
2026-03-05,2026-03-05 06:52:00,1772693520000,12.0
2026-03-05,2026-03-05 06:54:00,1772693640000,13.0
2026-03-05,2026-03-05 06:56:00,1772693760000,14.0
2026-03-05,2026-03-05 06:58:00,1772693880000,11.0
2026-03-05,2026-03-05 07:00:00,1772694000000,13.0
2026-03-05,2026-03-05 07:02:00,1772694120000,12.0
2026-03-05,2026-03-05 07:04:00,1772694240000,10.0
2026-03-05,2026-03-05 07:06:00,1772694360000,12.0
2026-03-05,2026-03-05 07:08:00,1772694480000,12.0
2026-03-05,2026-03-05 07:10:00,1772694600000,12.0
2026-03-05,2026-03-05 07:12:00,1772694720000,11.0
2026-03-05,2026-03-05 07:14:00,1772694840000,11.0
2026-03-05,2026-03-05 07:16:00,1772694960000,11.0
2026-03-05,2026-03-05 07:18:00,1772695080000,12.0
2026-03-06,2026-03-06 00:19:05,1772756345000,13.0
2026-03-06,2026-03-06 00:20:00,1772756400000,14.0
2026-03-06,2026-03-06 00:22:00,1772756520000,14.0
2026-03-06,2026-03-06 00:24:00,1772756640000,13.0
2026-03-06,2026-03-06 00:26:00,1772756760000,14.0
2026-03-06,2026-03-06 00:28:00,1772756880000,14.0
2026-03-06,2026-03-06 00:30:00,1772757000000,14.0
2026-03-06,2026-03-06 00:32:00,1772757120000,14.0
2026-03-06,2026-03-06 00:34:00,1772757240000,14.0
2026-03-06,2026-03-06 00:36:00,1772757360000,14.0
2026-03-06,2026-03-06 00:38:00,1772757480000,13.0
2026-03-06,2026-03-06 00:40:00,1772757600000,14.0
2026-03-06,2026-03-06 00:42:00,1772757720000,13.0
2026-03-06,2026-03-06 00:44:00,1772757840000,13.0
2026-03-06,2026-03-06 00:46:00,1772757960000,14.0
2026-03-06,2026-03-06 00:48:00,1772758080000,14.0
2026-03-06,2026-03-06 00:50:00,1772758200000,13.0
2026-03-06,2026-03-06 00:52:00,1772758320000,12.0
2026-03-06,2026-03-06 00:54:00,1772758440000,13.0
2026-03-06,2026-03-06 00:56:00,1772758560000,13.0
2026-03-06,2026-03-06 00:58:00,1772758680000,12.0
2026-03-06,2026-03-06 01:00:00,1772758800000,12.0
2026-03-06,2026-03-06 01:02:00,1772758920000,13.0
2026-03-06,2026-03-06 01:04:00,1772759040000,11.0
2026-03-06,2026-03-06 01:06:00,1772759160000,13.0
2026-03-06,2026-03-06 01:08:00,1772759280000,13.0
2026-03-06,2026-03-06 01:10:00,1772759400000,12.0
2026-03-06,2026-03-06 01:12:00,1772759520000,12.0
2026-03-06,2026-03-06 01:14:00,1772759640000,12.0
2026-03-06,2026-03-06 01:16:00,1772759760000,11.0
2026-03-06,2026-03-06 01:18:00,1772759880000,13.0
2026-03-06,2026-03-06 01:20:00,1772760000000,14.0
2026-03-06,2026-03-06 01:22:00,1772760120000,13.0
2026-03-06,2026-03-06 01:24:00,1772760240000,13.0
2026-03-06,2026-03-06 01:26:00,1772760360000,15.0
2026-03-06,2026-03-06 01:28:00,1772760480000,13.0
2026-03-06,2026-03-06 01:30:00,1772760600000,13.0
2026-03-06,2026-03-06 01:32:00,1772760720000,13.0
2026-03-06,2026-03-06 01:34:00,1772760840000,13.0
2026-03-06,2026-03-06 01:36:00,1772760960000,13.0
2026-03-06,2026-03-06 01:38:00,1772761080000,13.0
2026-03-06,2026-03-06 01:40:00,1772761200000,13.0
2026-03-06,2026-03-06 01:42:00,1772761320000,13.0
2026-03-06,2026-03-06 01:44:00,1772761440000,13.0
2026-03-06,2026-03-06 01:46:00,1772761560000,13.0
2026-03-06,2026-03-06 01:48:00,1772761680000,13.0
2026-03-06,2026-03-06 01:50:00,1772761800000,13.0
2026-03-06,2026-03-06 01:52:00,1772761920000,13.0
2026-03-06,2026-03-06 01:54:00,1772762040000,13.0
2026-03-06,2026-03-06 01:56:00,1772762160000,13.0
2026-03-06,2026-03-06 01:58:00,1772762280000,13.0
2026-03-06,2026-03-06 02:00:00,1772762400000,12.0
2026-03-06,2026-03-06 02:02:00,1772762520000,12.0
2026-03-06,2026-03-06 02:04:00,1772762640000,12.0
2026-03-06,2026-03-06 02:06:00,1772762760000,13.0
2026-03-06,2026-03-06 02:08:00,1772762880000,12.0
2026-03-06,2026-03-06 02:10:00,1772763000000,12.0
2026-03-06,2026-03-06 02:12:00,1772763120000,13.0
2026-03-06,2026-03-06 02:14:00,1772763240000,14.0
2026-03-06,2026-03-06 02:16:00,1772763360000,12.0
2026-03-06,2026-03-06 02:18:00,1772763480000,12.0
2026-03-06,2026-03-06 02:20:00,1772763600000,13.0
2026-03-06,2026-03-06 02:22:00,1772763720000,12.0
2026-03-06,2026-03-06 02:24:00,1772763840000,12.0
2026-03-06,2026-03-06 02:26:00,1772763960000,13.0
2026-03-06,2026-03-06 02:28:00,1772764080000,13.0
2026-03-06,2026-03-06 02:30:00,1772764200000,14.0
2026-03-06,2026-03-06 02:32:00,1772764320000,16.0
2026-03-06,2026-03-06 02:34:00,1772764440000,13.0
2026-03-06,2026-03-06 02:36:00,1772764560000,13.0
2026-03-06,2026-03-06 02:38:00,1772764680000,13.0
2026-03-06,2026-03-06 02:40:00,1772764800000,13.0
2026-03-06,2026-03-06 02:42:00,1772764920000,11.0
2026-03-06,2026-03-06 02:44:00,1772765040000,12.0
2026-03-06,2026-03-06 02:46:00,1772765160000,11.0
2026-03-06,2026-03-06 02:48:00,1772765280000,14.0
2026-03-06,2026-03-06 02:50:00,1772765400000,12.0
2026-03-06,2026-03-06 02:52:00,1772765520000,12.0
2026-03-06,2026-03-06 02:54:00,1772765640000,10.0
2026-03-06,2026-03-06 02:56:00,1772765760000,12.0
2026-03-06,2026-03-06 02:58:00,1772765880000,12.0
2026-03-06,2026-03-06 03:00:00,1772766000000,12.0
2026-03-06,2026-03-06 03:02:00,1772766120000,13.0
2026-03-06,2026-03-06 03:04:00,1772766240000,12.0
2026-03-06,2026-03-06 03:06:00,1772766360000,13.0
2026-03-06,2026-03-06 03:08:00,1772766480000,13.0
2026-03-06,2026-03-06 03:10:00,1772766600000,13.0
2026-03-06,2026-03-06 03:12:00,1772766720000,13.0
2026-03-06,2026-03-06 03:14:00,1772766840000,12.0
2026-03-06,2026-03-06 03:16:00,1772766960000,13.0
2026-03-06,2026-03-06 03:18:00,1772767080000,16.0
2026-03-06,2026-03-06 03:20:00,1772767200000,13.0
2026-03-06,2026-03-06 03:22:00,1772767320000,12.0
2026-03-06,2026-03-06 03:24:00,1772767440000,12.0
2026-03-06,2026-03-06 03:26:00,1772767560000,12.0
2026-03-06,2026-03-06 03:28:00,1772767680000,14.0
2026-03-06,2026-03-06 03:30:00,1772767800000,12.0
2026-03-06,2026-03-06 03:32:00,1772767920000,12.0
2026-03-06,2026-03-06 03:34:00,1772768040000,13.0
2026-03-06,2026-03-06 03:36:00,1772768160000,11.0
2026-03-06,2026-03-06 03:38:00,1772768280000,12.0
2026-03-06,2026-03-06 03:40:00,1772768400000,12.0
2026-03-06,2026-03-06 03:42:00,1772768520000,12.0
2026-03-06,2026-03-06 03:44:00,1772768640000,12.0
2026-03-06,2026-03-06 03:46:00,1772768760000,13.0
2026-03-06,2026-03-06 03:48:00,1772768880000,14.0
2026-03-06,2026-03-06 03:50:00,1772769000000,13.0
2026-03-06,2026-03-06 03:52:00,1772769120000,13.0
2026-03-06,2026-03-06 03:54:00,1772769240000,13.0
2026-03-06,2026-03-06 03:56:00,1772769360000,15.0
2026-03-06,2026-03-06 03:58:00,1772769480000,13.0
2026-03-06,2026-03-06 04:00:00,1772769600000,12.0
2026-03-06,2026-03-06 04:02:00,1772769720000,12.0
2026-03-06,2026-03-06 04:04:00,1772769840000,12.0
2026-03-06,2026-03-06 04:06:00,1772769960000,13.0
2026-03-06,2026-03-06 04:08:00,1772770080000,14.0
2026-03-06,2026-03-06 04:10:00,1772770200000,14.0
2026-03-06,2026-03-06 04:12:00,1772770320000,13.0
2026-03-06,2026-03-06 04:14:00,1772770440000,12.0
2026-03-06,2026-03-06 04:16:00,1772770560000,15.0
2026-03-06,2026-03-06 04:18:00,1772770680000,11.0
2026-03-06,2026-03-06 04:20:00,1772770800000,14.0
2026-03-06,2026-03-06 04:22:00,1772770920000,14.0
2026-03-06,2026-03-06 04:24:00,1772771040000,12.0
2026-03-06,2026-03-06 04:26:00,1772771160000,13.0
2026-03-06,2026-03-06 04:28:00,1772771280000,12.0
2026-03-06,2026-03-06 04:30:00,1772771400000,11.0
2026-03-06,2026-03-06 04:32:00,1772771520000,12.0
2026-03-06,2026-03-06 04:34:00,1772771640000,12.0
2026-03-06,2026-03-06 04:36:00,1772771760000,12.0
2026-03-06,2026-03-06 04:38:00,1772771880000,11.0
2026-03-06,2026-03-06 04:40:00,1772772000000,11.0
2026-03-06,2026-03-06 04:42:00,1772772120000,12.0
2026-03-06,2026-03-06 04:44:00,1772772240000,13.0
2026-03-06,2026-03-06 04:46:00,1772772360000,12.0
2026-03-06,2026-03-06 04:48:00,1772772480000,12.0
2026-03-06,2026-03-06 04:50:00,1772772600000,11.0
2026-03-06,2026-03-06 04:52:00,1772772720000,12.0
2026-03-06,2026-03-06 04:54:00,1772772840000,13.0
2026-03-06,2026-03-06 04:56:00,1772772960000,11.0
2026-03-06,2026-03-06 04:58:00,1772773080000,12.0
2026-03-06,2026-03-06 05:00:00,1772773200000,12.0
2026-03-06,2026-03-06 05:02:00,1772773320000,13.0
2026-03-06,2026-03-06 05:04:00,1772773440000,13.0
2026-03-06,2026-03-06 05:06:00,1772773560000,12.0
2026-03-06,2026-03-06 05:08:00,1772773680000,13.0
2026-03-06,2026-03-06 05:10:00,1772773800000,13.0
2026-03-06,2026-03-06 05:12:00,1772773920000,12.0
2026-03-06,2026-03-06 05:14:00,1772774040000,14.0
2026-03-06,2026-03-06 05:16:00,1772774160000,12.0
2026-03-06,2026-03-06 05:18:00,1772774280000,12.0
2026-03-06,2026-03-06 05:20:00,1772774400000,12.0
2026-03-06,2026-03-06 05:22:00,1772774520000,12.0
2026-03-06,2026-03-06 05:24:00,1772774640000,12.0
2026-03-06,2026-03-06 05:26:00,1772774760000,11.0
2026-03-06,2026-03-06 05:28:00,1772774880000,13.0
2026-03-06,2026-03-06 05:30:00,1772775000000,11.0
2026-03-06,2026-03-06 05:32:00,1772775120000,12.0
2026-03-06,2026-03-06 05:34:00,1772775240000,13.0
2026-03-06,2026-03-06 05:36:00,1772775360000,11.0
2026-03-06,2026-03-06 05:38:00,1772775480000,12.0
2026-03-06,2026-03-06 05:40:00,1772775600000,12.0
2026-03-06,2026-03-06 05:42:00,1772775720000,13.0
2026-03-06,2026-03-06 05:44:00,1772775840000,12.0
2026-03-06,2026-03-06 05:46:00,1772775960000,14.0
2026-03-06,2026-03-06 05:48:00,1772776080000,13.0
2026-03-06,2026-03-06 05:50:00,1772776200000,13.0
2026-03-06,2026-03-06 05:52:00,1772776320000,12.0
2026-03-06,2026-03-06 05:54:00,1772776440000,14.0
2026-03-06,2026-03-06 05:56:00,1772776560000,13.0
2026-03-06,2026-03-06 05:58:00,1772776680000,14.0
2026-03-06,2026-03-06 06:00:00,1772776800000,13.0
2026-03-06,2026-03-06 06:02:00,1772776920000,13.0
2026-03-06,2026-03-06 06:04:00,1772777040000,16.0
2026-03-06,2026-03-06 06:06:00,1772777160000,12.0
2026-03-06,2026-03-06 06:08:00,1772777280000,11.0
2026-03-06,2026-03-06 06:10:00,1772777400000,12.0
2026-03-06,2026-03-06 06:12:00,1772777520000,13.0
2026-03-06,2026-03-06 06:14:00,1772777640000,12.0
2026-03-06,2026-03-06 06:16:00,1772777760000,12.0
2026-03-06,2026-03-06 06:18:00,1772777880000,12.0
2026-03-06,2026-03-06 06:20:00,1772778000000,13.0
2026-03-06,2026-03-06 06:22:00,1772778120000,11.0
2026-03-06,2026-03-06 06:24:00,1772778240000,12.0
2026-03-06,2026-03-06 06:26:00,1772778360000,12.0
2026-03-06,2026-03-06 06:28:00,1772778480000,14.0
2026-03-06,2026-03-06 06:30:00,1772778600000,14.0
2026-03-06,2026-03-06 06:32:00,1772778720000,16.0
2026-03-06,2026-03-06 06:34:00,1772778840000,13.0
2026-03-06,2026-03-06 06:36:00,1772778960000,14.0
2026-03-06,2026-03-06 06:38:00,1772779080000,12.0
2026-03-06,2026-03-06 06:40:00,1772779200000,13.0
2026-03-06,2026-03-06 06:42:00,1772779320000,13.0
2026-03-06,2026-03-06 06:44:00,1772779440000,12.0
2026-03-06,2026-03-06 06:46:00,1772779560000,11.0
2026-03-06,2026-03-06 06:48:00,1772779680000,12.0
2026-03-06,2026-03-06 06:50:00,1772779800000,14.0
2026-03-06,2026-03-06 06:52:00,1772779920000,14.0
2026-03-06,2026-03-06 06:54:00,1772780040000,12.0
2026-03-06,2026-03-06 06:56:00,1772780160000,13.0
2026-03-06,2026-03-06 06:58:00,1772780280000,13.0
2026-03-06,2026-03-06 07:00:00,1772780400000,13.0
2026-03-06,2026-03-06 07:02:00,1772780520000,13.0
2026-03-06,2026-03-06 07:04:00,1772780640000,12.0
2026-03-06,2026-03-06 07:06:00,1772780760000,14.0
2026-03-06,2026-03-06 07:08:00,1772780880000,13.0
2026-03-06,2026-03-06 07:10:00,1772781000000,13.0
2026-03-06,2026-03-06 07:12:00,1772781120000,13.0
2026-03-06,2026-03-06 07:14:00,1772781240000,12.0
2026-03-06,2026-03-06 07:16:00,1772781360000,13.0
2026-03-06,2026-03-06 07:18:00,1772781480000,12.0
2026-03-06,2026-03-06 07:20:00,1772781600000,11.0
2026-03-06,2026-03-06 07:22:00,1772781720000,12.0
2026-03-06,2026-03-06 07:24:00,1772781840000,13.0
2026-03-06,2026-03-06 07:26:00,1772781960000,10.0
2026-03-06,2026-03-06 07:28:00,1772782080000,9.0
2026-03-06,2026-03-06 07:30:00,1772782200000,11.0
2026-03-06,2026-03-06 07:32:00,1772782320000,11.0
2026-03-06,2026-03-06 07:34:00,1772782440000,11.0
2026-03-06,2026-03-06 07:36:00,1772782560000,13.0
2026-03-06,2026-03-06 07:38:00,1772782680000,13.0
2026-03-06,2026-03-06 07:40:00,1772782800000,12.0
2026-03-06,2026-03-06 07:42:00,1772782920000,13.0
2026-03-06,2026-03-06 07:44:00,1772783040000,12.0
2026-03-06,2026-03-06 07:46:00,1772783160000,9.0
2026-03-06,2026-03-06 07:48:00,1772783280000,13.0
2026-03-06,2026-03-06 07:50:00,1772783400000,14.0
2026-03-06,2026-03-06 07:52:00,1772783520000,14.0
2026-03-06,2026-03-06 07:54:00,1772783640000,12.0
2026-03-06,2026-03-06 07:56:00,1772783760000,10.0
2026-03-06,2026-03-06 07:58:00,1772783880000,10.0
2026-03-06,2026-03-06 08:00:00,1772784000000,12.0
2026-03-06,2026-03-06 08:02:00,1772784120000,11.0
2026-03-06,2026-03-06 08:04:00,1772784240000,11.0
2026-03-06,2026-03-06 08:06:00,1772784360000,11.0
2026-03-07,2026-03-07 00:44:03,1772844243000,14.0
2026-03-07,2026-03-07 00:46:00,1772844360000,12.0
2026-03-07,2026-03-07 00:48:00,1772844480000,13.0
2026-03-07,2026-03-07 00:50:00,1772844600000,14.0
2026-03-07,2026-03-07 00:52:00,1772844720000,15.0
2026-03-07,2026-03-07 00:54:00,1772844840000,14.0
2026-03-07,2026-03-07 00:56:00,1772844960000,14.0
2026-03-07,2026-03-07 00:58:00,1772845080000,11.0
2026-03-07,2026-03-07 01:00:00,1772845200000,10.0
2026-03-07,2026-03-07 01:02:00,1772845320000,11.0
2026-03-07,2026-03-07 01:04:00,1772845440000,12.0
2026-03-07,2026-03-07 01:06:00,1772845560000,12.0
2026-03-07,2026-03-07 01:08:00,1772845680000,10.0
2026-03-07,2026-03-07 01:10:00,1772845800000,11.0
2026-03-07,2026-03-07 01:12:00,1772845920000,12.0
2026-03-07,2026-03-07 01:14:00,1772846040000,12.0
2026-03-07,2026-03-07 01:16:00,1772846160000,12.0
2026-03-07,2026-03-07 01:18:00,1772846280000,14.0
2026-03-07,2026-03-07 01:20:00,1772846400000,12.0
2026-03-07,2026-03-07 01:22:00,1772846520000,12.0
2026-03-07,2026-03-07 01:24:00,1772846640000,14.0
2026-03-07,2026-03-07 01:26:00,1772846760000,12.0
2026-03-07,2026-03-07 01:28:00,1772846880000,9.0
2026-03-07,2026-03-07 01:30:00,1772847000000,13.0
2026-03-07,2026-03-07 01:32:00,1772847120000,12.0
2026-03-07,2026-03-07 01:34:00,1772847240000,9.0
2026-03-07,2026-03-07 01:36:00,1772847360000,14.0
2026-03-07,2026-03-07 01:38:00,1772847480000,11.0
2026-03-07,2026-03-07 01:40:00,1772847600000,11.0
2026-03-07,2026-03-07 01:42:00,1772847720000,11.0
2026-03-07,2026-03-07 01:44:00,1772847840000,-2.0
2026-03-07,2026-03-07 01:46:00,1772847960000,-2.0
2026-03-07,2026-03-07 01:48:00,1772848080000,-2.0
2026-03-07,2026-03-07 01:50:00,1772848200000,-2.0
2026-03-07,2026-03-07 01:52:00,1772848320000,-2.0
2026-03-07,2026-03-07 01:54:00,1772848440000,-2.0
2026-03-07,2026-03-07 01:56:00,1772848560000,-2.0
2026-03-07,2026-03-07 01:58:00,1772848680000,-2.0
2026-03-07,2026-03-07 02:00:00,1772848800000,-2.0
2026-03-07,2026-03-07 02:02:00,1772848920000,-2.0
2026-03-07,2026-03-07 02:04:00,1772849040000,-2.0
2026-03-07,2026-03-07 02:06:00,1772849160000,-2.0
2026-03-07,2026-03-07 02:08:00,1772849280000,-2.0
2026-03-07,2026-03-07 02:10:00,1772849400000,-2.0
2026-03-07,2026-03-07 02:12:00,1772849520000,12.0
2026-03-07,2026-03-07 02:14:00,1772849640000,12.0
2026-03-07,2026-03-07 02:16:00,1772849760000,15.0
2026-03-07,2026-03-07 02:18:00,1772849880000,14.0
2026-03-07,2026-03-07 02:20:00,1772850000000,10.0
2026-03-07,2026-03-07 02:22:00,1772850120000,11.0
2026-03-07,2026-03-07 02:24:00,1772850240000,14.0
2026-03-07,2026-03-07 02:26:00,1772850360000,17.0
2026-03-07,2026-03-07 02:28:00,1772850480000,16.0
2026-03-07,2026-03-07 02:30:00,1772850600000,12.0
2026-03-07,2026-03-07 02:32:00,1772850720000,10.0
2026-03-07,2026-03-07 02:34:00,1772850840000,12.0
2026-03-07,2026-03-07 02:36:00,1772850960000,13.0
2026-03-07,2026-03-07 02:38:00,1772851080000,14.0
2026-03-07,2026-03-07 02:40:00,1772851200000,15.0
2026-03-07,2026-03-07 02:42:00,1772851320000,17.0
2026-03-07,2026-03-07 02:44:00,1772851440000,15.0
2026-03-07,2026-03-07 02:46:00,1772851560000,15.0
2026-03-07,2026-03-07 02:48:00,1772851680000,13.0
2026-03-07,2026-03-07 02:50:00,1772851800000,13.0
2026-03-07,2026-03-07 02:52:00,1772851920000,13.0
2026-03-07,2026-03-07 02:54:00,1772852040000,15.0
2026-03-07,2026-03-07 02:56:00,1772852160000,15.0
2026-03-07,2026-03-07 02:58:00,1772852280000,15.0
2026-03-07,2026-03-07 03:00:00,1772852400000,17.0
2026-03-07,2026-03-07 03:02:00,1772852520000,13.0
2026-03-07,2026-03-07 03:04:00,1772852640000,14.0
2026-03-07,2026-03-07 03:06:00,1772852760000,11.0
2026-03-07,2026-03-07 03:08:00,1772852880000,13.0
2026-03-07,2026-03-07 03:10:00,1772853000000,14.0
2026-03-07,2026-03-07 03:12:00,1772853120000,14.0
2026-03-07,2026-03-07 03:14:00,1772853240000,13.0
2026-03-07,2026-03-07 03:16:00,1772853360000,14.0
2026-03-07,2026-03-07 03:18:00,1772853480000,14.0
2026-03-07,2026-03-07 03:20:00,1772853600000,14.0
2026-03-07,2026-03-07 03:22:00,1772853720000,14.0
2026-03-07,2026-03-07 03:24:00,1772853840000,15.0
2026-03-07,2026-03-07 03:26:00,1772853960000,15.0
2026-03-07,2026-03-07 03:28:00,1772854080000,14.0
2026-03-07,2026-03-07 03:30:00,1772854200000,13.0
2026-03-07,2026-03-07 03:32:00,1772854320000,17.0
2026-03-07,2026-03-07 03:34:00,1772854440000,12.0
2026-03-07,2026-03-07 03:36:00,1772854560000,12.0
2026-03-07,2026-03-07 03:38:00,1772854680000,13.0
2026-03-07,2026-03-07 03:40:00,1772854800000,13.0
2026-03-07,2026-03-07 03:42:00,1772854920000,11.0
2026-03-07,2026-03-07 03:44:00,1772855040000,12.0
2026-03-07,2026-03-07 03:46:00,1772855160000,12.0
2026-03-07,2026-03-07 03:48:00,1772855280000,12.0
2026-03-07,2026-03-07 03:50:00,1772855400000,12.0
2026-03-07,2026-03-07 03:52:00,1772855520000,12.0
2026-03-07,2026-03-07 03:54:00,1772855640000,12.0
2026-03-07,2026-03-07 03:56:00,1772855760000,12.0
2026-03-07,2026-03-07 03:58:00,1772855880000,11.0
2026-03-07,2026-03-07 04:00:00,1772856000000,12.0
2026-03-07,2026-03-07 04:02:00,1772856120000,12.0
2026-03-07,2026-03-07 04:04:00,1772856240000,9.0
2026-03-07,2026-03-07 04:06:00,1772856360000,12.0
2026-03-07,2026-03-07 04:08:00,1772856480000,13.0
2026-03-07,2026-03-07 04:10:00,1772856600000,12.0
2026-03-07,2026-03-07 04:12:00,1772856720000,13.0
2026-03-07,2026-03-07 04:14:00,1772856840000,14.0
2026-03-07,2026-03-07 04:16:00,1772856960000,14.0
2026-03-07,2026-03-07 04:18:00,1772857080000,10.0
2026-03-07,2026-03-07 04:20:00,1772857200000,10.0
2026-03-07,2026-03-07 04:22:00,1772857320000,11.0
2026-03-07,2026-03-07 04:24:00,1772857440000,12.0
2026-03-07,2026-03-07 04:26:00,1772857560000,13.0
2026-03-07,2026-03-07 04:28:00,1772857680000,12.0
2026-03-07,2026-03-07 04:30:00,1772857800000,12.0
2026-03-07,2026-03-07 04:32:00,1772857920000,12.0
2026-03-07,2026-03-07 04:34:00,1772858040000,10.0
2026-03-07,2026-03-07 04:36:00,1772858160000,10.0
2026-03-07,2026-03-07 04:38:00,1772858280000,12.0
2026-03-07,2026-03-07 04:40:00,1772858400000,12.0
2026-03-07,2026-03-07 04:42:00,1772858520000,11.0
2026-03-07,2026-03-07 04:44:00,1772858640000,12.0
2026-03-07,2026-03-07 04:46:00,1772858760000,12.0
2026-03-07,2026-03-07 04:48:00,1772858880000,12.0
2026-03-07,2026-03-07 04:50:00,1772859000000,11.0
2026-03-07,2026-03-07 04:52:00,1772859120000,11.0
2026-03-07,2026-03-07 04:54:00,1772859240000,11.0
2026-03-07,2026-03-07 04:56:00,1772859360000,11.0
2026-03-07,2026-03-07 04:58:00,1772859480000,12.0
2026-03-07,2026-03-07 05:00:00,1772859600000,11.0
2026-03-07,2026-03-07 05:02:00,1772859720000,12.0
2026-03-07,2026-03-07 05:04:00,1772859840000,12.0
2026-03-07,2026-03-07 05:06:00,1772859960000,13.0
2026-03-07,2026-03-07 05:08:00,1772860080000,13.0
2026-03-07,2026-03-07 05:10:00,1772860200000,13.0
2026-03-07,2026-03-07 05:12:00,1772860320000,13.0
2026-03-07,2026-03-07 05:14:00,1772860440000,13.0
2026-03-07,2026-03-07 05:16:00,1772860560000,14.0
2026-03-07,2026-03-07 05:18:00,1772860680000,13.0
2026-03-07,2026-03-07 05:20:00,1772860800000,14.0
2026-03-07,2026-03-07 05:22:00,1772860920000,14.0
2026-03-07,2026-03-07 05:24:00,1772861040000,14.0
2026-03-07,2026-03-07 05:26:00,1772861160000,14.0
2026-03-07,2026-03-07 05:28:00,1772861280000,12.0
2026-03-07,2026-03-07 05:30:00,1772861400000,13.0
2026-03-07,2026-03-07 05:32:00,1772861520000,11.0
2026-03-07,2026-03-07 05:34:00,1772861640000,11.0
2026-03-07,2026-03-07 05:36:00,1772861760000,12.0
2026-03-07,2026-03-07 05:38:00,1772861880000,13.0
2026-03-07,2026-03-07 05:40:00,1772862000000,11.0
2026-03-07,2026-03-07 05:42:00,1772862120000,17.0
2026-03-07,2026-03-07 05:44:00,1772862240000,13.0
2026-03-07,2026-03-07 05:46:00,1772862360000,16.0
2026-03-07,2026-03-07 05:48:00,1772862480000,17.0
2026-03-07,2026-03-07 05:50:00,1772862600000,15.0
2026-03-07,2026-03-07 05:52:00,1772862720000,12.0
2026-03-07,2026-03-07 05:54:00,1772862840000,11.0
2026-03-07,2026-03-07 05:56:00,1772862960000,13.0
2026-03-07,2026-03-07 05:58:00,1772863080000,13.0
2026-03-07,2026-03-07 06:00:00,1772863200000,12.0
2026-03-07,2026-03-07 06:02:00,1772863320000,13.0
2026-03-07,2026-03-07 06:04:00,1772863440000,12.0
2026-03-07,2026-03-07 06:06:00,1772863560000,12.0
2026-03-07,2026-03-07 06:08:00,1772863680000,13.0
2026-03-07,2026-03-07 06:10:00,1772863800000,12.0
2026-03-07,2026-03-07 06:12:00,1772863920000,12.0
2026-03-07,2026-03-07 06:14:00,1772864040000,12.0
2026-03-07,2026-03-07 06:16:00,1772864160000,11.0
2026-03-07,2026-03-07 06:18:00,1772864280000,12.0
2026-03-07,2026-03-07 06:20:00,1772864400000,12.0
2026-03-07,2026-03-07 06:22:00,1772864520000,12.0
2026-03-07,2026-03-07 06:24:00,1772864640000,12.0
2026-03-07,2026-03-07 06:26:00,1772864760000,12.0
2026-03-07,2026-03-07 06:28:00,1772864880000,13.0
2026-03-07,2026-03-07 06:30:00,1772865000000,12.0
2026-03-07,2026-03-07 06:32:00,1772865120000,12.0
2026-03-07,2026-03-07 06:34:00,1772865240000,13.0
2026-03-07,2026-03-07 06:36:00,1772865360000,13.0
2026-03-07,2026-03-07 06:38:00,1772865480000,13.0
2026-03-07,2026-03-07 06:40:00,1772865600000,11.0
2026-03-07,2026-03-07 06:42:00,1772865720000,13.0
2026-03-07,2026-03-07 06:44:00,1772865840000,11.0
2026-03-07,2026-03-07 06:46:00,1772865960000,12.0
2026-03-07,2026-03-07 06:48:00,1772866080000,11.0
2026-03-07,2026-03-07 06:50:00,1772866200000,11.0
2026-03-07,2026-03-07 06:52:00,1772866320000,12.0
2026-03-07,2026-03-07 06:54:00,1772866440000,14.0
