date,timestamp,timestamp_ms,intensity
2026-03-01,2026-03-01 02:19:08,1772331548000,1
2026-03-01,2026-03-01 03:01:08,1772334068000,1
2026-03-01,2026-03-01 03:07:08,1772334428000,2
2026-03-01,2026-03-01 03:49:08,1772336948000,1
2026-03-01,2026-03-01 03:55:08,1772337308000,1
2026-03-01,2026-03-01 04:19:08,1772338748000,1
2026-03-01,2026-03-01 04:22:08,1772338928000,1
2026-03-01,2026-03-01 04:34:08,1772339648000,1
2026-03-01,2026-03-01 04:37:08,1772339828000,1
2026-03-01,2026-03-01 04:43:08,1772340188000,1
2026-03-01,2026-03-01 05:04:08,1772341448000,1
2026-03-01,2026-03-01 05:55:08,1772344508000,1
2026-03-01,2026-03-01 05:58:08,1772344688000,2
2026-03-01,2026-03-01 06:01:08,1772344868000,1
2026-03-01,2026-03-01 06:04:08,1772345048000,1
2026-03-01,2026-03-01 06:19:08,1772345948000,1
2026-03-01,2026-03-01 06:22:08,1772346128000,1
2026-03-01,2026-03-01 06:31:08,1772346668000,1
2026-03-01,2026-03-01 07:01:08,1772348468000,1
2026-03-01,2026-03-01 07:04:08,1772348648000,2
2026-03-01,2026-03-01 07:13:08,1772349188000,1
2026-03-01,2026-03-01 07:43:08,1772350988000,1
2026-03-01,2026-03-01 07:52:08,1772351528000,1
2026-03-01,2026-03-01 08:46:08,1772354768000,1
2026-03-02,2026-03-02 00:49:19,1772412559000,1
2026-03-02,2026-03-02 01:19:19,1772414359000,1
2026-03-02,2026-03-02 01:34:19,1772415259000,1
2026-03-02,2026-03-02 01:40:19,1772415619000,1
2026-03-02,2026-03-02 01:58:19,1772416699000,2
2026-03-02,2026-03-02 02:01:19,1772416879000,1
2026-03-02,2026-03-02 02:04:19,1772417059000,1
2026-03-02,2026-03-02 02:13:19,1772417599000,1
2026-03-02,2026-03-02 02:16:19,1772417779000,1
2026-03-02,2026-03-02 02:19:19,1772417959000,1
2026-03-02,2026-03-02 02:55:19,1772420119000,1
2026-03-02,2026-03-02 03:10:19,1772421019000,2
2026-03-02,2026-03-02 03:16:19,1772421379000,1
2026-03-02,2026-03-02 03:19:19,1772421559000,1
2026-03-02,2026-03-02 03:31:19,1772422279000,1
2026-03-02,2026-03-02 03:43:19,1772422999000,1
2026-03-02,2026-03-02 03:49:19,1772423359000,1
2026-03-02,2026-03-02 03:55:19,1772423719000,1
2026-03-02,2026-03-02 04:04:19,1772424259000,2
2026-03-02,2026-03-02 04:07:19,1772424439000,1
2026-03-02,2026-03-02 04:25:19,1772425519000,2
2026-03-02,2026-03-02 04:37:19,1772426239000,1
2026-03-02,2026-03-02 04:40:19,1772426419000,1
2026-03-02,2026-03-02 04:49:19,1772426959000,1
2026-03-02,2026-03-02 04:52:19,1772427139000,1
2026-03-02,2026-03-02 05:10:19,1772428219000,2
2026-03-02,2026-03-02 05:16:19,1772428579000,1
2026-03-02,2026-03-02 05:22:19,1772428939000,1
2026-03-02,2026-03-02 05:31:19,1772429479000,1
2026-03-02,2026-03-02 05:34:19,1772429659000,1
2026-03-02,2026-03-02 05:43:19,1772430199000,1
2026-03-02,2026-03-02 05:49:19,1772430559000,1
2026-03-02,2026-03-02 06:07:19,1772431639000,1
2026-03-02,2026-03-02 06:10:19,1772431819000,1
2026-03-02,2026-03-02 06:16:19,1772432179000,1
2026-03-02,2026-03-02 06:19:19,1772432359000,1
2026-03-02,2026-03-02 06:28:19,1772432899000,1
2026-03-02,2026-03-02 06:31:19,1772433079000,1
2026-03-03,2026-03-03 01:40:30,1772502030000,1
2026-03-03,2026-03-03 01:55:30,1772502930000,1
2026-03-03,2026-03-03 02:13:30,1772504010000,1
2026-03-03,2026-03-03 02:34:30,1772505270000,1
2026-03-03,2026-03-03 02:37:30,1772505450000,1
2026-03-03,2026-03-03 02:58:30,1772506710000,1
2026-03-03,2026-03-03 03:28:30,1772508510000,2
2026-03-03,2026-03-03 04:34:30,1772512470000,1
2026-03-03,2026-03-03 04:37:30,1772512650000,1
2026-03-03,2026-03-03 04:49:30,1772513370000,1
2026-03-03,2026-03-03 04:52:30,1772513550000,1
2026-03-03,2026-03-03 04:55:30,1772513730000,1
2026-03-03,2026-03-03 04:58:30,1772513910000,1
2026-03-03,2026-03-03 05:04:30,1772514270000,1
2026-03-03,2026-03-03 05:10:30,1772514630000,1
2026-03-03,2026-03-03 05:16:30,1772514990000,1
2026-03-03,2026-03-03 05:22:30,1772515350000,1
2026-03-03,2026-03-03 05:28:30,1772515710000,1
2026-03-03,2026-03-03 05:31:30,1772515890000,1
2026-03-03,2026-03-03 05:37:30,1772516250000,1
2026-03-03,2026-03-03 05:46:30,1772516790000,1
2026-03-03,2026-03-03 06:40:30,1772520030000,1
2026-03-03,2026-03-03 06:49:30,1772520570000,1
2026-03-03,2026-03-03 07:10:30,1772521830000,1
2026-03-03,2026-03-03 07:16:30,1772522190000,1
2026-03-03,2026-03-03 07:46:30,1772523990000,1
2026-03-03,2026-03-03 08:07:30,1772525250000,1
2026-03-03,2026-03-03 08:10:30,1772525430000,1
2026-03-03,2026-03-03 08:28:30,1772526510000,1
2026-03-03,2026-03-03 08:34:30,1772526870000,1
2026-03-04,2026-03-04 01:15:10,1772586910000,1
2026-03-04,2026-03-04 02:15:10,1772590510000,2
2026-03-04,2026-03-04 02:33:10,1772591590000,1
2026-03-04,2026-03-04 02:51:10,1772592670000,1
2026-03-04,2026-03-04 03:06:10,1772593570000,1
2026-03-04,2026-03-04 03:27:10,1772594830000,2
2026-03-04,2026-03-04 03:30:10,1772595010000,1
2026-03-04,2026-03-04 03:33:10,1772595190000,1
2026-03-04,2026-03-04 04:06:10,1772597170000,2
2026-03-04,2026-03-04 04:09:10,1772597350000,1
2026-03-04,2026-03-04 04:51:10,1772599870000,1
2026-03-04,2026-03-04 04:54:10,1772600050000,1
2026-03-04,2026-03-04 05:06:10,1772600770000,1
2026-03-04,2026-03-04 05:09:10,1772600950000,1
2026-03-04,2026-03-04 05:12:10,1772601130000,1
2026-03-04,2026-03-04 05:18:10,1772601490000,1
2026-03-04,2026-03-04 05:24:10,1772601850000,2
2026-03-04,2026-03-04 05:27:10,1772602030000,1
2026-03-04,2026-03-04 05:39:10,1772602750000,1
2026-03-04,2026-03-04 05:48:10,1772603290000,1
2026-03-04,2026-03-04 06:03:10,1772604190000,1
2026-03-04,2026-03-04 06:09:10,1772604550000,1
2026-03-04,2026-03-04 06:12:10,1772604730000,1
2026-03-04,2026-03-04 06:39:10,1772606350000,1
2026-03-04,2026-03-04 06:51:10,1772607070000,1
2026-03-04,2026-03-04 06:54:10,1772607250000,1
2026-03-05,2026-03-05 01:48:33,1772675313000,1
2026-03-05,2026-03-05 01:57:33,1772675853000,1
2026-03-05,2026-03-05 02:09:33,1772676573000,1
2026-03-05,2026-03-05 02:12:33,1772676753000,1
2026-03-05,2026-03-05 02:42:33,1772678553000,1
2026-03-05,2026-03-05 03:24:33,1772681073000,1
2026-03-05,2026-03-05 03:33:33,1772681613000,1
2026-03-05,2026-03-05 03:42:33,1772682153000,1
2026-03-05,2026-03-05 03:45:33,1772682333000,1
2026-03-05,2026-03-05 04:12:33,1772683953000,1
2026-03-05,2026-03-05 04:27:33,1772684853000,1
2026-03-05,2026-03-05 04:39:33,1772685573000,1
2026-03-05,2026-03-05 04:45:33,1772685933000,1
2026-03-05,2026-03-05 04:54:33,1772686473000,1
2026-03-05,2026-03-05 05:00:33,1772686833000,1
2026-03-05,2026-03-05 05:27:33,1772688453000,1
2026-03-05,2026-03-05 05:30:33,1772688633000,1
2026-03-05,2026-03-05 05:39:33,1772689173000,1
2026-03-05,2026-03-05 05:42:33,1772689353000,1
2026-03-05,2026-03-05 05:57:33,1772690253000,1
2026-03-05,2026-03-05 06:09:33,1772690973000,1
2026-03-05,2026-03-05 06:18:33,1772691513000,1
2026-03-05,2026-03-05 06:21:33,1772691693000,2
2026-03-05,2026-03-05 06:33:33,1772692413000,1
2026-03-05,2026-03-05 06:48:33,1772693313000,1
2026-03-05,2026-03-05 06:54:33,1772693673000,1
2026-03-05,2026-03-05 07:00:33,1772694033000,1
2026-03-05,2026-03-05 07:15:33,1772694933000,1
2026-03-06,2026-03-06 00:46:05,1772757965000,1
2026-03-06,2026-03-06 00:58:05,1772758685000,1
2026-03-06,2026-03-06 01:01:05,1772758865000,1
2026-03-06,2026-03-06 01:10:05,1772759405000,2
2026-03-06,2026-03-06 01:52:05,1772761925000,2
2026-03-06,2026-03-06 01:58:05,1772762285000,1
2026-03-06,2026-03-06 02:04:05,1772762645000,1
2026-03-06,2026-03-06 02:10:05,1772763005000,1
2026-03-06,2026-03-06 02:13:05,1772763185000,1
2026-03-06,2026-03-06 02:37:05,1772764625000,1
2026-03-06,2026-03-06 02:46:05,1772765165000,1
2026-03-06,2026-03-06 02:52:05,1772765525000,2
2026-03-06,2026-03-06 03:10:05,1772766605000,1
2026-03-06,2026-03-06 03:16:05,1772766965000,1
2026-03-06,2026-03-06 03:22:05,1772767325000,2
2026-03-06,2026-03-06 03:55:05,1772769305000,1
2026-03-06,2026-03-06 04:10:05,1772770205000,1
2026-03-06,2026-03-06 04:19:05,1772770745000,2
2026-03-06,2026-03-06 04:31:05,1772771465000,1
2026-03-06,2026-03-06 04:34:05,1772771645000,2
2026-03-06,2026-03-06 05:07:05,1772773625000,2
2026-03-06,2026-03-06 05:10:05,1772773805000,1
2026-03-06,2026-03-06 05:52:05,1772776325000,1
2026-03-06,2026-03-06 06:01:05,1772776865000,2
2026-03-06,2026-03-06 06:34:05,1772778845000,1
2026-03-06,2026-03-06 06:46:05,1772779565000,1
2026-03-06,2026-03-06 07:22:05,1772781725000,1
2026-03-06,2026-03-06 07:28:05,1772782085000,1
2026-03-06,2026-03-06 07:34:05,1772782445000,1
2026-03-06,2026-03-06 07:43:05,1772782985000,1
2026-03-06,2026-03-06 08:04:05,1772784245000,1
2026-03-07,2026-03-07 01:35:03,1772847303000,1
2026-03-07,2026-03-07 01:41:03,1772847663000,1
2026-03-07,2026-03-07 02:11:03,1772849463000,1
2026-03-07,2026-03-07 02:14:03,1772849643000,1
2026-03-07,2026-03-07 02:17:03,1772849823000,1
2026-03-07,2026-03-07 02:29:03,1772850543000,1
2026-03-07,2026-03-07 02:38:03,1772851083000,1
2026-03-07,2026-03-07 02:47:03,1772851623000,1
2026-03-07,2026-03-07 02:56:03,1772852163000,1
2026-03-07,2026-03-07 03:02:03,1772852523000,1
2026-03-07,2026-03-07 03:29:03,1772854143000,1
2026-03-07,2026-03-07 03:35:03,1772854503000,1
2026-03-07,2026-03-07 03:53:03,1772855583000,1
2026-03-07,2026-03-07 04:23:03,1772857383000,1
2026-03-07,2026-03-07 04:32:03,1772857923000,1
2026-03-07,2026-03-07 04:38:03,1772858283000,1
2026-03-07,2026-03-07 04:41:03,1772858463000,1
2026-03-07,2026-03-07 05:23:03,1772860983000,1
2026-03-07,2026-03-07 05:35:03,1772861703000,1
2026-03-07,2026-03-07 05:50:03,1772862603000,1
2026-03-07,2026-03-07 06:11:03,1772863863000,1
2026-03-07,2026-03-07 06:14:03,1772864043000,1
2026-03-07,2026-03-07 06:20:03,1772864403000,1
2026-03-07,2026-03-07 06:41:03,1772865663000,1
2026-03-07,2026-03-07 06:50:03,1772866203000,1
2026-03-07,2026-03-07 06:53:03,1772866383000,1
