date,timestamp,timestamp_ms,sleep_stress_value
2026-03-01,2026-03-01 01:27:00,1772328420000,9
2026-03-01,2026-03-01 01:30:00,1772328600000,6
2026-03-01,2026-03-01 01:33:00,1772328780000,5
2026-03-01,2026-03-01 01:36:00,1772328960000,6
2026-03-01,2026-03-01 01:39:00,1772329140000,8
2026-03-01,2026-03-01 01:42:00,1772329320000,11
2026-03-01,2026-03-01 01:45:00,1772329500000,11
2026-03-01,2026-03-01 01:48:00,1772329680000,13
2026-03-01,2026-03-01 01:51:00,1772329860000,16
2026-03-01,2026-03-01 01:54:00,1772330040000,16
2026-03-01,2026-03-01 01:57:00,1772330220000,17
2026-03-01,2026-03-01 02:00:00,1772330400000,16
2026-03-01,2026-03-01 02:03:00,1772330580000,17
2026-03-01,2026-03-01 02:06:00,1772330760000,21
2026-03-01,2026-03-01 02:09:00,1772330940000,20
2026-03-01,2026-03-01 02:12:00,1772331120000,20
2026-03-01,2026-03-01 02:15:00,1772331300000,19
2026-03-01,2026-03-01 02:18:00,1772331480000,19
2026-03-01,2026-03-01 02:21:00,1772331660000,37
2026-03-01,2026-03-01 02:24:00,1772331840000,19
2026-03-01,2026-03-01 02:27:00,1772332020000,34
2026-03-01,2026-03-01 02:30:00,1772332200000,20
2026-03-01,2026-03-01 02:33:00,1772332380000,20
2026-03-01,2026-03-01 02:36:00,1772332560000,25
2026-03-01,2026-03-01 02:39:00,1772332740000,19
2026-03-01,2026-03-01 02:42:00,1772332920000,-1
2026-03-01,2026-03-01 02:45:00,1772333100000,21
2026-03-01,2026-03-01 02:48:00,1772333280000,24
2026-03-01,2026-03-01 02:51:00,1772333460000,25
2026-03-01,2026-03-01 02:54:00,1772333640000,-1
2026-03-01,2026-03-01 02:57:00,1772333820000,24
2026-03-01,2026-03-01 03:00:00,1772334000000,22
2026-03-01,2026-03-01 03:03:00,1772334180000,20
2026-03-01,2026-03-01 03:06:00,1772334360000,17
2026-03-01,2026-03-01 03:09:00,1772334540000,24
2026-03-01,2026-03-01 03:12:00,1772334720000,24
2026-03-01,2026-03-01 03:15:00,1772334900000,25
2026-03-01,2026-03-01 03:18:00,1772335080000,23
2026-03-01,2026-03-01 03:21:00,1772335260000,24
2026-03-01,2026-03-01 03:24:00,1772335440000,22
2026-03-01,2026-03-01 03:27:00,1772335620000,19
2026-03-01,2026-03-01 03:30:00,1772335800000,18
2026-03-01,2026-03-01 03:33:00,1772335980000,21
2026-03-01,2026-03-01 03:36:00,1772336160000,22
2026-03-01,2026-03-01 03:39:00,1772336340000,24
2026-03-01,2026-03-01 03:42:00,1772336520000,24
2026-03-01,2026-03-01 03:45:00,1772336700000,25
2026-03-01,2026-03-01 03:48:00,1772336880000,22
2026-03-01,2026-03-01 03:51:00,1772337060000,21
2026-03-01,2026-03-01 03:54:00,1772337240000,21
2026-03-01,2026-03-01 03:57:00,1772337420000,20
2026-03-01,2026-03-01 04:00:00,1772337600000,24
2026-03-01,2026-03-01 04:03:00,1772337780000,24
2026-03-01,2026-03-01 04:06:00,1772337960000,23
2026-03-01,2026-03-01 04:09:00,1772338140000,27
2026-03-01,2026-03-01 04:12:00,1772338320000,28
2026-03-01,2026-03-01 04:15:00,1772338500000,28
2026-03-01,2026-03-01 04:18:00,1772338680000,24
2026-03-01,2026-03-01 04:21:00,1772338860000,21
2026-03-01,2026-03-01 04:24:00,1772339040000,25
2026-03-01,2026-03-01 04:27:00,1772339220000,23
2026-03-01,2026-03-01 04:30:00,1772339400000,22
2026-03-01,2026-03-01 04:33:00,1772339580000,27
2026-03-01,2026-03-01 04:36:00,1772339760000,20
2026-03-01,2026-03-01 04:39:00,1772339940000,18
2026-03-01,2026-03-01 04:42:00,1772340120000,18
2026-03-01,2026-03-01 04:45:00,1772340300000,15
2026-03-01,2026-03-01 04:48:00,1772340480000,18
2026-03-01,2026-03-01 04:51:00,1772340660000,15
2026-03-01,2026-03-01 04:54:00,1772340840000,16
2026-03-01,2026-03-01 04:57:00,1772341020000,16
2026-03-01,2026-03-01 05:00:00,1772341200000,14
2026-03-01,2026-03-01 05:03:00,1772341380000,15
2026-03-01,2026-03-01 05:06:00,1772341560000,23
2026-03-01,2026-03-01 05:09:00,1772341740000,18
2026-03-01,2026-03-01 05:12:00,1772341920000,16
2026-03-01,2026-03-01 05:15:00,1772342100000,17
2026-03-01,2026-03-01 05:18:00,1772342280000,15
2026-03-01,2026-03-01 05:21:00,1772342460000,16
2026-03-01,2026-03-01 05:24:00,1772342640000,16
2026-03-01,2026-03-01 05:27:00,1772342820000,19
2026-03-01,2026-03-01 05:30:00,1772343000000,19
2026-03-01,2026-03-01 05:33:00,1772343180000,19
2026-03-01,2026-03-01 05:36:00,1772343360000,16
2026-03-01,2026-03-01 05:39:00,1772343540000,23
2026-03-01,2026-03-01 05:42:00,1772343720000,20
2026-03-01,2026-03-01 05:45:00,1772343900000,25
2026-03-01,2026-03-01 05:48:00,1772344080000,23
2026-03-01,2026-03-01 05:51:00,1772344260000,23
2026-03-01,2026-03-01 05:54:00,1772344440000,25
2026-03-01,2026-03-01 05:57:00,1772344620000,24
2026-03-01,2026-03-01 06:00:00,1772344800000,24
2026-03-01,2026-03-01 06:03:00,1772344980000,21
2026-03-01,2026-03-01 06:06:00,1772345160000,26
2026-03-01,2026-03-01 06:09:00,1772345340000,27
2026-03-01,2026-03-01 06:12:00,1772345520000,23
2026-03-01,2026-03-01 06:15:00,1772345700000,25
2026-03-01,2026-03-01 06:18:00,1772345880000,24
2026-03-01,2026-03-01 06:21:00,1772346060000,16
2026-03-01,2026-03-01 06:24:00,1772346240000,18
2026-03-01,2026-03-01 06:27:00,1772346420000,15
2026-03-01,2026-03-01 06:30:00,1772346600000,16
2026-03-01,2026-03-01 06:33:00,1772346780000,19
2026-03-01,2026-03-01 06:36:00,1772346960000,16
2026-03-01,2026-03-01 06:39:00,1772347140000,17
2026-03-01,2026-03-01 06:42:00,1772347320000,15
2026-03-01,2026-03-01 06:45:00,1772347500000,15
2026-03-01,2026-03-01 06:48:00,1772347680000,13
2026-03-01,2026-03-01 06:51:00,1772347860000,15
2026-03-01,2026-03-01 06:54:00,1772348040000,15
2026-03-01,2026-03-01 06:57:00,1772348220000,17
2026-03-01,2026-03-01 07:00:00,1772348400000,19
2026-03-01,2026-03-01 07:03:00,1772348580000,25
2026-03-01,2026-03-01 07:06:00,1772348760000,20
2026-03-01,2026-03-01 07:09:00,1772348940000,18
2026-03-01,2026-03-01 07:12:00,1772349120000,20
2026-03-01,2026-03-01 07:15:00,1772349300000,21
2026-03-01,2026-03-01 07:18:00,1772349480000,16
2026-03-01,2026-03-01 07:21:00,1772349660000,18
2026-03-01,2026-03-01 07:24:00,1772349840000,21
2026-03-01,2026-03-01 07:27:00,1772350020000,20
2026-03-01,2026-03-01 07:30:00,1772350200000,25
2026-03-01,2026-03-01 07:33:00,1772350380000,28
2026-03-01,2026-03-01 07:36:00,1772350560000,18
2026-03-01,2026-03-01 07:39:00,1772350740000,15
2026-03-01,2026-03-01 07:42:00,1772350920000,12
2026-03-01,2026-03-01 07:45:00,1772351100000,17
2026-03-01,2026-03-01 07:48:00,1772351280000,15
2026-03-01,2026-03-01 07:51:00,1772351460000,10
2026-03-01,2026-03-01 07:54:00,1772351640000,9
2026-03-01,2026-03-01 07:57:00,1772351820000,14
2026-03-01,2026-03-01 08:00:00,1772352000000,8
2026-03-01,2026-03-01 08:03:00,1772352180000,7
2026-03-01,2026-03-01 08:06:00,1772352360000,12
2026-03-01,2026-03-01 08:09:00,1772352540000,10
2026-03-01,2026-03-01 08:12:00,1772352720000,11
2026-03-01,2026-03-01 08:15:00,1772352900000,9
2026-03-01,2026-03-01 08:18:00,1772353080000,11
2026-03-01,2026-03-01 08:21:00,1772353260000,7
2026-03-01,2026-03-01 08:24:00,1772353440000,12
2026-03-01,2026-03-01 08:27:00,1772353620000,13
2026-03-01,2026-03-01 08:30:00,1772353800000,11
2026-03-01,2026-03-01 08:33:00,1772353980000,10
2026-03-01,2026-03-01 08:36:00,1772354160000,10
2026-03-01,2026-03-01 08:39:00,1772354340000,8
2026-03-01,2026-03-01 08:42:00,1772354520000,7
2026-03-01,2026-03-01 08:45:00,1772354700000,7
2026-03-01,2026-03-01 08:48:00,1772354880000,11
2026-03-02,2026-03-02 00:36:00,1772411760000,1
2026-03-02,2026-03-02 00:39:00,1772411940000,1
2026-03-02,2026-03-02 00:42:00,1772412120000,1
2026-03-02,2026-03-02 00:45:00,1772412300000,1
2026-03-02,2026-03-02 00:48:00,1772412480000,1
2026-03-02,2026-03-02 00:51:00,1772412660000,3
2026-03-02,2026-03-02 00:54:00,1772412840000,1
2026-03-02,2026-03-02 00:57:00,1772413020000,1
2026-03-02,2026-03-02 01:00:00,1772413200000,1
2026-03-02,2026-03-02 01:03:00,1772413380000,1
2026-03-02,2026-03-02 01:06:00,1772413560000,1
2026-03-02,2026-03-02 01:09:00,1772413740000,2
2026-03-02,2026-03-02 01:12:00,1772413920000,1
2026-03-02,2026-03-02 01:15:00,1772414100000,3
2026-03-02,2026-03-02 01:18:00,1772414280000,2
2026-03-02,2026-03-02 01:21:00,1772414460000,6
2026-03-02,2026-03-02 01:24:00,1772414640000,2
2026-03-02,2026-03-02 01:27:00,1772414820000,1
2026-03-02,2026-03-02 01:30:00,1772415000000,2
2026-03-02,2026-03-02 01:33:00,1772415180000,2
2026-03-02,2026-03-02 01:36:00,1772415360000,4
2026-03-02,2026-03-02 01:39:00,1772415540000,2
2026-03-02,2026-03-02 01:42:00,1772415720000,3
2026-03-02,2026-03-02 01:45:00,1772415900000,3
2026-03-02,2026-03-02 01:48:00,1772416080000,5
2026-03-02,2026-03-02 01:51:00,1772416260000,5
2026-03-02,2026-03-02 01:54:00,1772416440000,7
2026-03-02,2026-03-02 01:57:00,1772416620000,12
2026-03-02,2026-03-02 02:00:00,1772416800000,18
2026-03-02,2026-03-02 02:03:00,1772416980000,8
2026-03-02,2026-03-02 02:06:00,1772417160000,11
2026-03-02,2026-03-02 02:09:00,1772417340000,11
2026-03-02,2026-03-02 02:12:00,1772417520000,15
2026-03-02,2026-03-02 02:15:00,1772417700000,15
2026-03-02,2026-03-02 02:18:00,1772417880000,10
2026-03-02,2026-03-02 02:21:00,1772418060000,13
2026-03-02,2026-03-02 02:24:00,1772418240000,10
2026-03-02,2026-03-02 02:27:00,1772418420000,5
2026-03-02,2026-03-02 02:30:00,1772418600000,5
2026-03-02,2026-03-02 02:33:00,1772418780000,8
2026-03-02,2026-03-02 02:36:00,1772418960000,6
2026-03-02,2026-03-02 02:39:00,1772419140000,9
2026-03-02,2026-03-02 02:42:00,1772419320000,8
2026-03-02,2026-03-02 02:45:00,1772419500000,11
2026-03-02,2026-03-02 02:48:00,1772419680000,11
2026-03-02,2026-03-02 02:51:00,1772419860000,10
2026-03-02,2026-03-02 02:54:00,1772420040000,8
2026-03-02,2026-03-02 02:57:00,1772420220000,13
2026-03-02,2026-03-02 03:00:00,1772420400000,6
2026-03-02,2026-03-02 03:03:00,1772420580000,7
2026-03-02,2026-03-02 03:06:00,1772420760000,9
2026-03-02,2026-03-02 03:09:00,1772420940000,4
2026-03-02,2026-03-02 03:12:00,1772421120000,11
2026-03-02,2026-03-02 03:15:00,1772421300000,4
2026-03-02,2026-03-02 03:18:00,1772421480000,13
2026-03-02,2026-03-02 03:21:00,1772421660000,13
2026-03-02,2026-03-02 03:24:00,1772421840000,6
2026-03-02,2026-03-02 03:27:00,1772422020000,13
2026-03-02,2026-03-02 03:30:00,1772422200000,7
2026-03-02,2026-03-02 03:33:00,1772422380000,5
2026-03-02,2026-03-02 03:36:00,1772422560000,19
2026-03-02,2026-03-02 03:39:00,1772422740000,17
2026-03-02,2026-03-02 03:42:00,1772422920000,7
2026-03-02,2026-03-02 03:45:00,1772423100000,12
2026-03-02,2026-03-02 03:48:00,1772423280000,5
2026-03-02,2026-03-02 03:51:00,1772423460000,13
2026-03-02,2026-03-02 03:54:00,1772423640000,9
2026-03-02,2026-03-02 03:57:00,1772423820000,8
2026-03-02,2026-03-02 04:00:00,1772424000000,8
2026-03-02,2026-03-02 04:03:00,1772424180000,5
2026-03-02,2026-03-02 04:06:00,1772424360000,10
2026-03-02,2026-03-02 04:09:00,1772424540000,12
2026-03-02,2026-03-02 04:12:00,1772424720000,10
2026-03-02,2026-03-02 04:15:00,1772424900000,8
2026-03-02,2026-03-02 04:18:00,1772425080000,7
2026-03-02,2026-03-02 04:21:00,1772425260000,9
2026-03-02,2026-03-02 04:24:00,1772425440000,9
2026-03-02,2026-03-02 04:27:00,1772425620000,34
2026-03-02,2026-03-02 04:30:00,1772425800000,64
2026-03-02,2026-03-02 04:33:00,1772425980000,61
2026-03-02,2026-03-02 04:36:00,1772426160000,62
2026-03-02,2026-03-02 04:39:00,1772426340000,16
2026-03-02,2026-03-02 04:42:00,1772426520000,8
2026-03-02,2026-03-02 04:45:00,1772426700000,4
2026-03-02,2026-03-02 04:48:00,1772426880000,2
2026-03-02,2026-03-02 04:51:00,1772427060000,10
2026-03-02,2026-03-02 04:54:00,1772427240000,10
2026-03-02,2026-03-02 04:57:00,1772427420000,10
2026-03-02,2026-03-02 05:00:00,1772427600000,11
2026-03-02,2026-03-02 05:03:00,1772427780000,11
2026-03-02,2026-03-02 05:06:00,1772427960000,16
2026-03-02,2026-03-02 05:09:00,1772428140000,21
2026-03-02,2026-03-02 05:12:00,1772428320000,17
2026-03-02,2026-03-02 05:15:00,1772428500000,10
2026-03-02,2026-03-02 05:18:00,1772428680000,8
2026-03-02,2026-03-02 05:21:00,1772428860000,9
2026-03-02,2026-03-02 05:24:00,1772429040000,16
2026-03-02,2026-03-02 05:27:00,1772429220000,-1
2026-03-02,2026-03-02 05:30:00,1772429400000,23
2026-03-02,2026-03-02 05:33:00,1772429580000,16
2026-03-02,2026-03-02 05:36:00,1772429760000,8
2026-03-02,2026-03-02 05:39:00,1772429940000,5
2026-03-02,2026-03-02 05:42:00,1772430120000,5
2026-03-02,2026-03-02 05:45:00,1772430300000,5
2026-03-02,2026-03-02 05:48:00,1772430480000,8
2026-03-02,2026-03-02 05:51:00,1772430660000,5
2026-03-02,2026-03-02 05:54:00,1772430840000,7
2026-03-02,2026-03-02 05:57:00,1772431020000,5
2026-03-02,2026-03-02 06:00:00,1772431200000,6
2026-03-02,2026-03-02 06:03:00,1772431380000,7
2026-03-02,2026-03-02 06:06:00,1772431560000,10
2026-03-02,2026-03-02 06:09:00,1772431740000,11
2026-03-02,2026-03-02 06:12:00,1772431920000,8
2026-03-02,2026-03-02 06:15:00,1772432100000,3
2026-03-02,2026-03-02 06:18:00,1772432280000,4
2026-03-02,2026-03-02 06:21:00,1772432460000,10
2026-03-02,2026-03-02 06:24:00,1772432640000,5
2026-03-02,2026-03-02 06:27:00,1772432820000,6
2026-03-02,2026-03-02 06:30:00,1772433000000,11
2026-03-02,2026-03-02 06:33:00,1772433180000,16
2026-03-03,2026-03-03 01:15:00,1772500500000,8
2026-03-03,2026-03-03 01:18:00,1772500680000,7
2026-03-03,2026-03-03 01:21:00,1772500860000,8
2026-03-03,2026-03-03 01:24:00,1772501040000,8
2026-03-03,2026-03-03 01:27:00,1772501220000,8
2026-03-03,2026-03-03 01:30:00,1772501400000,9
2026-03-03,2026-03-03 01:33:00,1772501580000,9
2026-03-03,2026-03-03 01:36:00,1772501760000,10
2026-03-03,2026-03-03 01:39:00,1772501940000,9
2026-03-03,2026-03-03 01:42:00,1772502120000,14
2026-03-03,2026-03-03 01:45:00,1772502300000,10
2026-03-03,2026-03-03 01:48:00,1772502480000,8
2026-03-03,2026-03-03 01:51:00,1772502660000,6
2026-03-03,2026-03-03 01:54:00,1772502840000,6
2026-03-03,2026-03-03 01:57:00,1772503020000,6
2026-03-03,2026-03-03 02:00:00,1772503200000,6
2026-03-03,2026-03-03 02:03:00,1772503380000,9
2026-03-03,2026-03-03 02:06:00,1772503560000,6
2026-03-03,2026-03-03 02:09:00,1772503740000,12
2026-03-03,2026-03-03 02:12:00,1772503920000,17
2026-03-03,2026-03-03 02:15:00,1772504100000,17
2026-03-03,2026-03-03 02:18:00,1772504280000,15
2026-03-03,2026-03-03 02:21:00,1772504460000,14
2026-03-03,2026-03-03 02:24:00,1772504640000,16
2026-03-03,2026-03-03 02:27:00,1772504820000,15
2026-03-03,2026-03-03 02:30:00,1772505000000,12
2026-03-03,2026-03-03 02:33:00,1772505180000,16
2026-03-03,2026-03-03 02:36:00,1772505360000,19
2026-03-03,2026-03-03 02:39:00,1772505540000,12
2026-03-03,2026-03-03 02:42:00,1772505720000,9
2026-03-03,2026-03-03 02:45:00,1772505900000,9
2026-03-03,2026-03-03 02:48:00,1772506080000,10
2026-03-03,2026-03-03 02:51:00,1772506260000,6
2026-03-03,2026-03-03 02:54:00,1772506440000,6
2026-03-03,2026-03-03 02:57:00,1772506620000,8
2026-03-03,2026-03-03 03:00:00,1772506800000,7
2026-03-03,2026-03-03 03:03:00,1772506980000,5
2026-03-03,2026-03-03 03:06:00,1772507160000,8
2026-03-03,2026-03-03 03:09:00,1772507340000,10
2026-03-03,2026-03-03 03:12:00,1772507520000,10
2026-03-03,2026-03-03 03:15:00,1772507700000,9
2026-03-03,2026-03-03 03:18:00,1772507880000,10
2026-03-03,2026-03-03 03:21:00,1772508060000,13
2026-03-03,2026-03-03 03:24:00,1772508240000,12
2026-03-03,2026-03-03 03:27:00,1772508420000,10
2026-03-03,2026-03-03 03:30:00,1772508600000,19
2026-03-03,2026-03-03 03:33:00,1772508780000,11
2026-03-03,2026-03-03 03:36:00,1772508960000,5
2026-03-03,2026-03-03 03:39:00,1772509140000,12
2026-03-03,2026-03-03 03:42:00,1772509320000,20
2026-03-03,2026-03-03 03:45:00,1772509500000,25
2026-03-03,2026-03-03 03:48:00,1772509680000,27
2026-03-03,2026-03-03 03:51:00,1772509860000,12
2026-03-03,2026-03-03 03:54:00,1772510040000,8
2026-03-03,2026-03-03 03:57:00,1772510220000,3
2026-03-03,2026-03-03 04:00:00,1772510400000,5
2026-03-03,2026-03-03 04:03:00,1772510580000,4
2026-03-03,2026-03-03 04:06:00,1772510760000,6
2026-03-03,2026-03-03 04:09:00,1772510940000,7
2026-03-03,2026-03-03 04:12:00,1772511120000,7
2026-03-03,2026-03-03 04:15:00,1772511300000,7
2026-03-03,2026-03-03 04:18:00,1772511480000,8
2026-03-03,2026-03-03 04:21:00,1772511660000,5
2026-03-03,2026-03-03 04:24:00,1772511840000,6
2026-03-03,2026-03-03 04:27:00,1772512020000,6
2026-03-03,2026-03-03 04:30:00,1772512200000,8
2026-03-03,2026-03-03 04:33:00,1772512380000,8
2026-03-03,2026-03-03 04:36:00,1772512560000,13
2026-03-03,2026-03-03 04:39:00,1772512740000,10
2026-03-03,2026-03-03 04:42:00,1772512920000,7
2026-03-03,2026-03-03 04:45:00,1772513100000,5
2026-03-03,2026-03-03 04:48:00,1772513280000,5
2026-03-03,2026-03-03 04:51:00,1772513460000,8
2026-03-03,2026-03-03 04:54:00,1772513640000,20
2026-03-03,2026-03-03 04:57:00,1772513820000,10
2026-03-03,2026-03-03 05:00:00,1772514000000,9
2026-03-03,2026-03-03 05:03:00,1772514180000,11
2026-03-03,2026-03-03 05:06:00,1772514360000,13
2026-03-03,2026-03-03 05:09:00,1772514540000,24
2026-03-03,2026-03-03 05:12:00,1772514720000,18
2026-03-03,2026-03-03 05:15:00,1772514900000,7
2026-03-03,2026-03-03 05:18:00,1772515080000,14
2026-03-03,2026-03-03 05:21:00,1772515260000,14
2026-03-03,2026-03-03 05:24:00,1772515440000,9
2026-03-03,2026-03-03 05:27:00,1772515620000,10
2026-03-03,2026-03-03 05:30:00,1772515800000,9
2026-03-03,2026-03-03 05:33:00,1772515980000,6
2026-03-03,2026-03-03 05:36:00,1772516160000,8
2026-03-03,2026-03-03 05:39:00,1772516340000,8
2026-03-03,2026-03-03 05:42:00,1772516520000,6
2026-03-03,2026-03-03 05:45:00,1772516700000,8
2026-03-03,2026-03-03 05:48:00,1772516880000,10
2026-03-03,2026-03-03 05:51:00,1772517060000,8
2026-03-03,2026-03-03 05:54:00,1772517240000,6
2026-03-03,2026-03-03 05:57:00,1772517420000,8
2026-03-03,2026-03-03 06:00:00,1772517600000,9
2026-03-03,2026-03-03 06:03:00,1772517780000,7
2026-03-03,2026-03-03 06:06:00,1772517960000,5
2026-03-03,2026-03-03 06:09:00,1772518140000,3
2026-03-03,2026-03-03 06:12:00,1772518320000,5
2026-03-03,2026-03-03 06:15:00,1772518500000,5
2026-03-03,2026-03-03 06:18:00,1772518680000,6
2026-03-03,2026-03-03 06:21:00,1772518860000,6
2026-03-03,2026-03-03 06:24:00,1772519040000,6
2026-03-03,2026-03-03 06:27:00,1772519220000,5
2026-03-03,2026-03-03 06:30:00,1772519400000,5
2026-03-03,2026-03-03 06:33:00,1772519580000,7
2026-03-03,2026-03-03 06:36:00,1772519760000,8
2026-03-03,2026-03-03 06:39:00,1772519940000,19
2026-03-03,2026-03-03 06:42:00,1772520120000,10
2026-03-03,2026-03-03 06:45:00,1772520300000,8
2026-03-03,2026-03-03 06:48:00,1772520480000,7
2026-03-03,2026-03-03 06:51:00,1772520660000,9
2026-03-03,2026-03-03 06:54:00,1772520840000,6
2026-03-03,2026-03-03 06:57:00,1772521020000,6
2026-03-03,2026-03-03 07:00:00,1772521200000,5
2026-03-03,2026-03-03 07:03:00,1772521380000,10
2026-03-03,2026-03-03 07:06:00,1772521560000,8
2026-03-03,2026-03-03 07:09:00,1772521740000,5
2026-03-03,2026-03-03 07:12:00,1772521920000,17
2026-03-03,2026-03-03 07:15:00,1772522100000,9
2026-03-03,2026-03-03 07:18:00,1772522280000,11
2026-03-03,2026-03-03 07:21:00,1772522460000,6
2026-03-03,2026-03-03 07:24:00,1772522640000,8
2026-03-03,2026-03-03 07:27:00,1772522820000,8
2026-03-03,2026-03-03 07:30:00,1772523000000,8
2026-03-03,2026-03-03 07:33:00,1772523180000,10
2026-03-03,2026-03-03 07:36:00,1772523360000,11
2026-03-03,2026-03-03 07:39:00,1772523540000,8
2026-03-03,2026-03-03 07:42:00,1772523720000,10
2026-03-03,2026-03-03 07:45:00,1772523900000,13
2026-03-03,2026-03-03 07:48:00,1772524080000,16
2026-03-03,2026-03-03 07:51:00,1772524260000,9
2026-03-03,2026-03-03 07:54:00,1772524440000,6
2026-03-03,2026-03-03 07:57:00,1772524620000,6
2026-03-03,2026-03-03 08:00:00,1772524800000,3
2026-03-03,2026-03-03 08:03:00,1772524980000,9
2026-03-03,2026-03-03 08:06:00,1772525160000,12
2026-03-03,2026-03-03 08:09:00,1772525340000,12
2026-03-03,2026-03-03 08:12:00,1772525520000,13
2026-03-03,2026-03-03 08:15:00,1772525700000,7
2026-03-03,2026-03-03 08:18:00,1772525880000,15
2026-03-03,2026-03-03 08:21:00,1772526060000,27
2026-03-03,2026-03-03 08:24:00,1772526240000,28
2026-03-03,2026-03-03 08:27:00,1772526420000,17
2026-03-03,2026-03-03 08:30:00,1772526600000,14
2026-03-03,2026-03-03 08:33:00,1772526780000,11
2026-03-03,2026-03-03 08:36:00,1772526960000,17
2026-03-03,2026-03-03 08:39:00,1772527140000,15
2026-03-04,2026-03-04 00:36:00,1772584560000,17
2026-03-04,2026-03-04 00:39:00,1772584740000,17
2026-03-04,2026-03-04 00:42:00,1772584920000,15
2026-03-04,2026-03-04 00:45:00,1772585100000,18
2026-03-04,2026-03-04 00:48:00,1772585280000,19
2026-03-04,2026-03-04 00:51:00,1772585460000,19
2026-03-04,2026-03-04 00:54:00,1772585640000,18
2026-03-04,2026-03-04 00:57:00,1772585820000,20
2026-03-04,2026-03-04 01:00:00,1772586000000,21
2026-03-04,2026-03-04 01:03:00,1772586180000,22
2026-03-04,2026-03-04 01:06:00,1772586360000,23
2026-03-04,2026-03-04 01:09:00,1772586540000,23
2026-03-04,2026-03-04 01:12:00,1772586720000,21
2026-03-04,2026-03-04 01:15:00,1772586900000,22
2026-03-04,2026-03-04 01:18:00,1772587080000,23
2026-03-04,2026-03-04 01:21:00,1772587260000,23
2026-03-04,2026-03-04 01:24:00,1772587440000,31
2026-03-04,2026-03-04 01:27:00,1772587620000,22
2026-03-04,2026-03-04 01:30:00,1772587800000,20
2026-03-04,2026-03-04 01:33:00,1772587980000,18
2026-03-04,2026-03-04 01:36:00,1772588160000,22
2026-03-04,2026-03-04 01:39:00,1772588340000,21
2026-03-04,2026-03-04 01:42:00,1772588520000,18
2026-03-04,2026-03-04 01:45:00,1772588700000,19
2026-03-04,2026-03-04 01:48:00,1772588880000,19
2026-03-04,2026-03-04 01:51:00,1772589060000,22
2026-03-04,2026-03-04 01:54:00,1772589240000,19
2026-03-04,2026-03-04 01:57:00,1772589420000,13
2026-03-04,2026-03-04 02:00:00,1772589600000,16
2026-03-04,2026-03-04 02:03:00,1772589780000,19
2026-03-04,2026-03-04 02:06:00,1772589960000,19
2026-03-04,2026-03-04 02:09:00,1772590140000,13
2026-03-04,2026-03-04 02:12:00,1772590320000,17
2026-03-04,2026-03-04 02:15:00,1772590500000,15
2026-03-04,2026-03-04 02:18:00,1772590680000,21
2026-03-04,2026-03-04 02:21:00,1772590860000,16
2026-03-04,2026-03-04 02:24:00,1772591040000,16
2026-03-04,2026-03-04 02:27:00,1772591220000,17
2026-03-04,2026-03-04 02:30:00,1772591400000,16
2026-03-04,2026-03-04 02:33:00,1772591580000,17
2026-03-04,2026-03-04 02:36:00,1772591760000,19
2026-03-04,2026-03-04 02:39:00,1772591940000,17
2026-03-04,2026-03-04 02:42:00,1772592120000,18
2026-03-04,2026-03-04 02:45:00,1772592300000,8
2026-03-04,2026-03-04 02:48:00,1772592480000,5
2026-03-04,2026-03-04 02:51:00,1772592660000,8
2026-03-04,2026-03-04 02:54:00,1772592840000,10
2026-03-04,2026-03-04 02:57:00,1772593020000,13
2026-03-04,2026-03-04 03:00:00,1772593200000,17
2026-03-04,2026-03-04 03:03:00,1772593380000,13
2026-03-04,2026-03-04 03:06:00,1772593560000,13
2026-03-04,2026-03-04 03:09:00,1772593740000,21
2026-03-04,2026-03-04 03:12:00,1772593920000,18
2026-03-04,2026-03-04 03:15:00,1772594100000,17
2026-03-04,2026-03-04 03:18:00,1772594280000,21
2026-03-04,2026-03-04 03:21:00,1772594460000,19
2026-03-04,2026-03-04 03:24:00,1772594640000,19
2026-03-04,2026-03-04 03:27:00,1772594820000,17
2026-03-04,2026-03-04 03:30:00,1772595000000,16
2026-03-04,2026-03-04 03:33:00,1772595180000,21
2026-03-04,2026-03-04 03:36:00,1772595360000,18
2026-03-04,2026-03-04 03:39:00,1772595540000,18
2026-03-04,2026-03-04 03:42:00,1772595720000,13
2026-03-04,2026-03-04 03:45:00,1772595900000,11
2026-03-04,2026-03-04 03:48:00,1772596080000,11
2026-03-04,2026-03-04 03:51:00,1772596260000,14
2026-03-04,2026-03-04 03:54:00,1772596440000,15
2026-03-04,2026-03-04 03:57:00,1772596620000,17
2026-03-04,2026-03-04 04:00:00,1772596800000,16
2026-03-04,2026-03-04 04:03:00,1772596980000,14
2026-03-04,2026-03-04 04:06:00,1772597160000,14
2026-03-04,2026-03-04 04:09:00,1772597340000,18
2026-03-04,2026-03-04 04:12:00,1772597520000,17
2026-03-04,2026-03-04 04:15:00,1772597700000,8
2026-03-04,2026-03-04 04:18:00,1772597880000,9
2026-03-04,2026-03-04 04:21:00,1772598060000,9
2026-03-04,2026-03-04 04:24:00,1772598240000,10
2026-03-04,2026-03-04 04:27:00,1772598420000,10
2026-03-04,2026-03-04 04:30:00,1772598600000,10
2026-03-04,2026-03-04 04:33:00,1772598780000,9
2026-03-04,2026-03-04 04:36:00,1772598960000,9
2026-03-04,2026-03-04 04:39:00,1772599140000,8
2026-03-04,2026-03-04 04:42:00,1772599320000,11
2026-03-04,2026-03-04 04:45:00,1772599500000,12
2026-03-04,2026-03-04 04:48:00,1772599680000,10
2026-03-04,2026-03-04 04:51:00,1772599860000,10
2026-03-04,2026-03-04 04:54:00,1772600040000,12
2026-03-04,2026-03-04 04:57:00,1772600220000,12
2026-03-04,2026-03-04 05:00:00,1772600400000,11
2026-03-04,2026-03-04 05:03:00,1772600580000,11
2026-03-04,2026-03-04 05:06:00,1772600760000,17
2026-03-04,2026-03-04 05:09:00,1772600940000,11
2026-03-04,2026-03-04 05:12:00,1772601120000,14
2026-03-04,2026-03-04 05:15:00,1772601300000,17
2026-03-04,2026-03-04 05:18:00,1772601480000,14
2026-03-04,2026-03-04 05:21:00,1772601660000,16
2026-03-04,2026-03-04 05:24:00,1772601840000,15
2026-03-04,2026-03-04 05:27:00,1772602020000,12
2026-03-04,2026-03-04 05:30:00,1772602200000,13
2026-03-04,2026-03-04 05:33:00,1772602380000,12
2026-03-04,2026-03-04 05:36:00,1772602560000,30
2026-03-04,2026-03-04 05:39:00,1772602740000,31
2026-03-04,2026-03-04 05:42:00,1772602920000,15
2026-03-04,2026-03-04 05:45:00,1772603100000,17
2026-03-04,2026-03-04 05:48:00,1772603280000,17
2026-03-04,2026-03-04 05:51:00,1772603460000,22
2026-03-04,2026-03-04 05:54:00,1772603640000,17
2026-03-04,2026-03-04 05:57:00,1772603820000,11
2026-03-04,2026-03-04 06:00:00,1772604000000,15
2026-03-04,2026-03-04 06:03:00,1772604180000,20
2026-03-04,2026-03-04 06:06:00,1772604360000,15
2026-03-04,2026-03-04 06:09:00,1772604540000,8
2026-03-04,2026-03-04 06:12:00,1772604720000,11
2026-03-04,2026-03-04 06:15:00,1772604900000,8
2026-03-04,2026-03-04 06:18:00,1772605080000,7
2026-03-04,2026-03-04 06:21:00,1772605260000,7
2026-03-04,2026-03-04 06:24:00,1772605440000,5
2026-03-04,2026-03-04 06:27:00,1772605620000,7
2026-03-04,2026-03-04 06:30:00,1772605800000,6
2026-03-04,2026-03-04 06:33:00,1772605980000,6
2026-03-04,2026-03-04 06:36:00,1772606160000,11
2026-03-04,2026-03-04 06:39:00,1772606340000,8
2026-03-04,2026-03-04 06:42:00,1772606520000,9
2026-03-04,2026-03-04 06:45:00,1772606700000,12
2026-03-04,2026-03-04 06:48:00,1772606880000,8
2026-03-04,2026-03-04 06:51:00,1772607060000,7
2026-03-04,2026-03-04 06:54:00,1772607240000,13
2026-03-04,2026-03-04 06:57:00,1772607420000,12
2026-03-04,2026-03-04 07:00:00,1772607600000,8
2026-03-04,2026-03-04 07:03:00,1772607780000,8
2026-03-04,2026-03-04 07:06:00,1772607960000,11
2026-03-05,2026-03-05 01:03:00,1772672580000,7
2026-03-05,2026-03-05 01:06:00,1772672760000,8
2026-03-05,2026-03-05 01:09:00,1772672940000,11
2026-03-05,2026-03-05 01:12:00,1772673120000,13
2026-03-05,2026-03-05 01:15:00,1772673300000,9
2026-03-05,2026-03-05 01:18:00,1772673480000,8
2026-03-05,2026-03-05 01:21:00,1772673660000,10
2026-03-05,2026-03-05 01:24:00,1772673840000,8
2026-03-05,2026-03-05 01:27:00,1772674020000,9
2026-03-05,2026-03-05 01:30:00,1772674200000,10
2026-03-05,2026-03-05 01:33:00,1772674380000,9
2026-03-05,2026-03-05 01:36:00,1772674560000,8
2026-03-05,2026-03-05 01:39:00,1772674740000,13
2026-03-05,2026-03-05 01:42:00,1772674920000,17
2026-03-05,2026-03-05 01:45:00,1772675100000,14
2026-03-05,2026-03-05 01:48:00,1772675280000,19
2026-03-05,2026-03-05 01:51:00,1772675460000,14
2026-03-05,2026-03-05 01:54:00,1772675640000,10
2026-03-05,2026-03-05 01:57:00,1772675820000,10
2026-03-05,2026-03-05 02:00:00,1772676000000,5
2026-03-05,2026-03-05 02:03:00,1772676180000,9
2026-03-05,2026-03-05 02:06:00,1772676360000,13
2026-03-05,2026-03-05 02:09:00,1772676540000,9
2026-03-05,2026-03-05 02:12:00,1772676720000,13
2026-03-05,2026-03-05 02:15:00,1772676900000,16
2026-03-05,2026-03-05 02:18:00,1772677080000,11
2026-03-05,2026-03-05 02:21:00,1772677260000,14
2026-03-05,2026-03-05 02:24:00,1772677440000,17
2026-03-05,2026-03-05 02:27:00,1772677620000,13
2026-03-05,2026-03-05 02:30:00,1772677800000,15
2026-03-05,2026-03-05 02:33:00,1772677980000,15
2026-03-05,2026-03-05 02:36:00,1772678160000,18
2026-03-05,2026-03-05 02:39:00,1772678340000,19
2026-03-05,2026-03-05 02:42:00,1772678520000,20
2026-03-05,2026-03-05 02:45:00,1772678700000,24
2026-03-05,2026-03-05 02:48:00,1772678880000,13
2026-03-05,2026-03-05 02:51:00,1772679060000,13
2026-03-05,2026-03-05 02:54:00,1772679240000,3
2026-03-05,2026-03-05 02:57:00,1772679420000,3
2026-03-05,2026-03-05 03:00:00,1772679600000,3
2026-03-05,2026-03-05 03:03:00,1772679780000,5
2026-03-05,2026-03-05 03:06:00,1772679960000,5
2026-03-05,2026-03-05 03:09:00,1772680140000,5
2026-03-05,2026-03-05 03:12:00,1772680320000,6
2026-03-05,2026-03-05 03:15:00,1772680500000,5
2026-03-05,2026-03-05 03:18:00,1772680680000,20
2026-03-05,2026-03-05 03:21:00,1772680860000,23
2026-03-05,2026-03-05 03:24:00,1772681040000,24
2026-03-05,2026-03-05 03:27:00,1772681220000,15
2026-03-05,2026-03-05 03:30:00,1772681400000,5
2026-03-05,2026-03-05 03:33:00,1772681580000,5
2026-03-05,2026-03-05 03:36:00,1772681760000,5
2026-03-05,2026-03-05 03:39:00,1772681940000,4
2026-03-05,2026-03-05 03:42:00,1772682120000,6
2026-03-05,2026-03-05 03:45:00,1772682300000,8
2026-03-05,2026-03-05 03:48:00,1772682480000,12
2026-03-05,2026-03-05 03:51:00,1772682660000,6
2026-03-05,2026-03-05 03:54:00,1772682840000,4
2026-03-05,2026-03-05 03:57:00,1772683020000,3
2026-03-05,2026-03-05 04:00:00,1772683200000,5
2026-03-05,2026-03-05 04:03:00,1772683380000,4
2026-03-05,2026-03-05 04:06:00,1772683560000,7
2026-03-05,2026-03-05 04:09:00,1772683740000,6
2026-03-05,2026-03-05 04:12:00,1772683920000,4
2026-03-05,2026-03-05 04:15:00,1772684100000,11
2026-03-05,2026-03-05 04:18:00,1772684280000,2
2026-03-05,2026-03-05 04:21:00,1772684460000,2
2026-03-05,2026-03-05 04:24:00,1772684640000,3
2026-03-05,2026-03-05 04:27:00,1772684820000,13
2026-03-05,2026-03-05 04:30:00,1772685000000,6
2026-03-05,2026-03-05 04:33:00,1772685180000,8
2026-03-05,2026-03-05 04:36:00,1772685360000,12
2026-03-05,2026-03-05 04:39:00,1772685540000,12
2026-03-05,2026-03-05 04:42:00,1772685720000,15
2026-03-05,2026-03-05 04:45:00,1772685900000,15
2026-03-05,2026-03-05 04:48:00,1772686080000,13
2026-03-05,2026-03-05 04:51:00,1772686260000,11
2026-03-05,2026-03-05 04:54:00,1772686440000,11
2026-03-05,2026-03-05 04:57:00,1772686620000,13
2026-03-05,2026-03-05 05:00:00,1772686800000,6
2026-03-05,2026-03-05 05:03:00,1772686980000,9
2026-03-05,2026-03-05 05:06:00,1772687160000,12
2026-03-05,2026-03-05 05:09:00,1772687340000,10
2026-03-05,2026-03-05 05:12:00,1772687520000,8
2026-03-05,2026-03-05 05:15:00,1772687700000,9
2026-03-05,2026-03-05 05:18:00,1772687880000,8
2026-03-05,2026-03-05 05:21:00,1772688060000,12
2026-03-05,2026-03-05 05:24:00,1772688240000,10
2026-03-05,2026-03-05 05:27:00,1772688420000,12
2026-03-05,2026-03-05 05:30:00,1772688600000,14
2026-03-05,2026-03-05 05:33:00,1772688780000,8
2026-03-05,2026-03-05 05:36:00,1772688960000,9
2026-03-05,2026-03-05 05:39:00,1772689140000,9
2026-03-05,2026-03-05 05:42:00,1772689320000,17
2026-03-05,2026-03-05 05:45:00,1772689500000,11
2026-03-05,2026-03-05 05:48:00,1772689680000,9
2026-03-05,2026-03-05 05:51:00,1772689860000,12
2026-03-05,2026-03-05 05:54:00,1772690040000,11
2026-03-05,2026-03-05 05:57:00,1772690220000,10
2026-03-05,2026-03-05 06:00:00,1772690400000,14
2026-03-05,2026-03-05 06:03:00,1772690580000,13
2026-03-05,2026-03-05 06:06:00,1772690760000,15
2026-03-05,2026-03-05 06:09:00,1772690940000,10
2026-03-05,2026-03-05 06:12:00,1772691120000,9
2026-03-05,2026-03-05 06:15:00,1772691300000,7
2026-03-05,2026-03-05 06:18:00,1772691480000,13
2026-03-05,2026-03-05 06:21:00,1772691660000,15
2026-03-05,2026-03-05 06:24:00,1772691840000,18
2026-03-05,2026-03-05 06:27:00,1772692020000,13
2026-03-05,2026-03-05 06:30:00,1772692200000,13
2026-03-05,2026-03-05 06:33:00,1772692380000,11
2026-03-05,2026-03-05 06:36:00,1772692560000,22
2026-03-05,2026-03-05 06:39:00,1772692740000,28
2026-03-05,2026-03-05 06:42:00,1772692920000,18
2026-03-05,2026-03-05 06:45:00,1772693100000,20
2026-03-05,2026-03-05 06:48:00,1772693280000,20
2026-03-05,2026-03-05 06:51:00,1772693460000,18
2026-03-05,2026-03-05 06:54:00,1772693640000,15
2026-03-05,2026-03-05 06:57:00,1772693820000,8
2026-03-05,2026-03-05 07:00:00,1772694000000,7
2026-03-05,2026-03-05 07:03:00,1772694180000,8
2026-03-05,2026-03-05 07:06:00,1772694360000,7
2026-03-05,2026-03-05 07:09:00,1772694540000,8
2026-03-05,2026-03-05 07:12:00,1772694720000,7
2026-03-05,2026-03-05 07:15:00,1772694900000,7
2026-03-05,2026-03-05 07:18:00,1772695080000,10
2026-03-06,2026-03-06 00:18:00,1772756280000,5
2026-03-06,2026-03-06 00:21:00,1772756460000,4
2026-03-06,2026-03-06 00:24:00,1772756640000,5
2026-03-06,2026-03-06 00:27:00,1772756820000,8
2026-03-06,2026-03-06 00:30:00,1772757000000,7
2026-03-06,2026-03-06 00:33:00,1772757180000,7
2026-03-06,2026-03-06 00:36:00,1772757360000,6
2026-03-06,2026-03-06 00:39:00,1772757540000,6
2026-03-06,2026-03-06 00:42:00,1772757720000,7
2026-03-06,2026-03-06 00:45:00,1772757900000,10
2026-03-06,2026-03-06 00:48:00,1772758080000,15
2026-03-06,2026-03-06 00:51:00,1772758260000,4
2026-03-06,2026-03-06 00:54:00,1772758440000,10
2026-03-06,2026-03-06 00:57:00,1772758620000,3
2026-03-06,2026-03-06 01:00:00,1772758800000,5
2026-03-06,2026-03-06 01:03:00,1772758980000,9
2026-03-06,2026-03-06 01:06:00,1772759160000,5
2026-03-06,2026-03-06 01:09:00,1772759340000,9
2026-03-06,2026-03-06 01:12:00,1772759520000,19
2026-03-06,2026-03-06 01:15:00,1772759700000,10
2026-03-06,2026-03-06 01:18:00,1772759880000,14
2026-03-06,2026-03-06 01:21:00,1772760060000,15
2026-03-06,2026-03-06 01:24:00,1772760240000,22
2026-03-06,2026-03-06 01:27:00,1772760420000,13
2026-03-06,2026-03-06 01:30:00,1772760600000,13
2026-03-06,2026-03-06 01:33:00,1772760780000,12
2026-03-06,2026-03-06 01:36:00,1772760960000,12
2026-03-06,2026-03-06 01:39:00,1772761140000,12
2026-03-06,2026-03-06 01:42:00,1772761320000,14
2026-03-06,2026-03-06 01:45:00,1772761500000,15
2026-03-06,2026-03-06 01:48:00,1772761680000,14
2026-03-06,2026-03-06 01:51:00,1772761860000,16
2026-03-06,2026-03-06 01:54:00,1772762040000,23
2026-03-06,2026-03-06 01:57:00,1772762220000,14
2026-03-06,2026-03-06 02:00:00,1772762400000,15
2026-03-06,2026-03-06 02:03:00,1772762580000,8
2026-03-06,2026-03-06 02:06:00,1772762760000,10
2026-03-06,2026-03-06 02:09:00,1772762940000,4
2026-03-06,2026-03-06 02:12:00,1772763120000,13
2026-03-06,2026-03-06 02:15:00,1772763300000,10
2026-03-06,2026-03-06 02:18:00,1772763480000,8
2026-03-06,2026-03-06 02:21:00,1772763660000,8
2026-03-06,2026-03-06 02:24:00,1772763840000,6
2026-03-06,2026-03-06 02:27:00,1772764020000,5
2026-03-06,2026-03-06 02:30:00,1772764200000,14
2026-03-06,2026-03-06 02:33:00,1772764380000,13
2026-03-06,2026-03-06 02:36:00,1772764560000,15
2026-03-06,2026-03-06 02:39:00,1772764740000,13
2026-03-06,2026-03-06 02:42:00,1772764920000,16
2026-03-06,2026-03-06 02:45:00,1772765100000,12
2026-03-06,2026-03-06 02:48:00,1772765280000,17
2026-03-06,2026-03-06 02:51:00,1772765460000,9
2026-03-06,2026-03-06 02:54:00,1772765640000,8
2026-03-06,2026-03-06 02:57:00,1772765820000,10
2026-03-06,2026-03-06 03:00:00,1772766000000,10
2026-03-06,2026-03-06 03:03:00,1772766180000,11
2026-03-06,2026-03-06 03:06:00,1772766360000,12
2026-03-06,2026-03-06 03:09:00,1772766540000,10
2026-03-06,2026-03-06 03:12:00,1772766720000,16
2026-03-06,2026-03-06 03:15:00,1772766900000,21
2026-03-06,2026-03-06 03:18:00,1772767080000,15
2026-03-06,2026-03-06 03:21:00,1772767260000,6
2026-03-06,2026-03-06 03:24:00,1772767440000,11
2026-03-06,2026-03-06 03:27:00,1772767620000,23
2026-03-06,2026-03-06 03:30:00,1772767800000,7
2026-03-06,2026-03-06 03:33:00,1772767980000,6
2026-03-06,2026-03-06 03:36:00,1772768160000,6
2026-03-06,2026-03-06 03:39:00,1772768340000,6
2026-03-06,2026-03-06 03:42:00,1772768520000,6
2026-03-06,2026-03-06 03:45:00,1772768700000,7
2026-03-06,2026-03-06 03:48:00,1772768880000,8
2026-03-06,2026-03-06 03:51:00,1772769060000,9
2026-03-06,2026-03-06 03:54:00,1772769240000,11
2026-03-06,2026-03-06 03:57:00,1772769420000,13
2026-03-06,2026-03-06 04:00:00,1772769600000,6
2026-03-06,2026-03-06 04:03:00,1772769780000,10
2026-03-06,2026-03-06 04:06:00,1772769960000,13
2026-03-06,2026-03-06 04:09:00,1772770140000,17
2026-03-06,2026-03-06 04:12:00,1772770320000,10
2026-03-06,2026-03-06 04:15:00,1772770500000,15
2026-03-06,2026-03-06 04:18:00,1772770680000,14
2026-03-06,2026-03-06 04:21:00,1772770860000,17
2026-03-06,2026-03-06 04:24:00,1772771040000,15
2026-03-06,2026-03-06 04:27:00,1772771220000,12
2026-03-06,2026-03-06 04:30:00,1772771400000,10
2026-03-06,2026-03-06 04:33:00,1772771580000,14
2026-03-06,2026-03-06 04:36:00,1772771760000,13
2026-03-06,2026-03-06 04:39:00,1772771940000,17
2026-03-06,2026-03-06 04:42:00,1772772120000,12
2026-03-06,2026-03-06 04:45:00,1772772300000,11
2026-03-06,2026-03-06 04:48:00,1772772480000,13
2026-03-06,2026-03-06 04:51:00,1772772660000,18
2026-03-06,2026-03-06 04:54:00,1772772840000,12
2026-03-06,2026-03-06 04:57:00,1772773020000,11
2026-03-06,2026-03-06 05:00:00,1772773200000,8
2026-03-06,2026-03-06 05:03:00,1772773380000,9
2026-03-06,2026-03-06 05:06:00,1772773560000,8
2026-03-06,2026-03-06 05:09:00,1772773740000,16
2026-03-06,2026-03-06 05:12:00,1772773920000,21
2026-03-06,2026-03-06 05:15:00,1772774100000,16
2026-03-06,2026-03-06 05:18:00,1772774280000,8
2026-03-06,2026-03-06 05:21:00,1772774460000,4
2026-03-06,2026-03-06 05:24:00,1772774640000,3
2026-03-06,2026-03-06 05:27:00,1772774820000,4
2026-03-06,2026-03-06 05:30:00,1772775000000,5
2026-03-06,2026-03-06 05:33:00,1772775180000,3
2026-03-06,2026-03-06 05:36:00,1772775360000,5
2026-03-06,2026-03-06 05:39:00,1772775540000,4
2026-03-06,2026-03-06 05:42:00,1772775720000,8
2026-03-06,2026-03-06 05:45:00,1772775900000,16
2026-03-06,2026-03-06 05:48:00,1772776080000,15
2026-03-06,2026-03-06 05:51:00,1772776260000,24
2026-03-06,2026-03-06 05:54:00,1772776440000,15
2026-03-06,2026-03-06 05:57:00,1772776620000,15
2026-03-06,2026-03-06 06:00:00,1772776800000,13
2026-03-06,2026-03-06 06:03:00,1772776980000,15
2026-03-06,2026-03-06 06:06:00,1772777160000,10
2026-03-06,2026-03-06 06:09:00,1772777340000,10
2026-03-06,2026-03-06 06:12:00,1772777520000,9
2026-03-06,2026-03-06 06:15:00,1772777700000,8
2026-03-06,2026-03-06 06:18:00,1772777880000,12
2026-03-06,2026-03-06 06:21:00,1772778060000,10
2026-03-06,2026-03-06 06:24:00,1772778240000,11
2026-03-06,2026-03-06 06:27:00,1772778420000,13
2026-03-06,2026-03-06 06:30:00,1772778600000,11
2026-03-06,2026-03-06 06:33:00,1772778780000,13
2026-03-06,2026-03-06 06:36:00,1772778960000,17
2026-03-06,2026-03-06 06:39:00,1772779140000,10
2026-03-06,2026-03-06 06:42:00,1772779320000,9
2026-03-06,2026-03-06 06:45:00,1772779500000,12
2026-03-06,2026-03-06 06:48:00,1772779680000,14
2026-03-06,2026-03-06 06:51:00,1772779860000,9
2026-03-06,2026-03-06 06:54:00,1772780040000,10
2026-03-06,2026-03-06 06:57:00,1772780220000,9
2026-03-06,2026-03-06 07:00:00,1772780400000,8
2026-03-06,2026-03-06 07:03:00,1772780580000,6
2026-03-06,2026-03-06 07:06:00,1772780760000,8
2026-03-06,2026-03-06 07:09:00,1772780940000,8
2026-03-06,2026-03-06 07:12:00,1772781120000,5
2026-03-06,2026-03-06 07:15:00,1772781300000,7
2026-03-06,2026-03-06 07:18:00,1772781480000,6
2026-03-06,2026-03-06 07:21:00,1772781660000,6
2026-03-06,2026-03-06 07:24:00,1772781840000,11
2026-03-06,2026-03-06 07:27:00,1772782020000,6
2026-03-06,2026-03-06 07:30:00,1772782200000,10
2026-03-06,2026-03-06 07:33:00,1772782380000,12
2026-03-06,2026-03-06 07:36:00,1772782560000,13
2026-03-06,2026-03-06 07:39:00,1772782740000,9
2026-03-06,2026-03-06 07:42:00,1772782920000,9
2026-03-06,2026-03-06 07:45:00,1772783100000,8
2026-03-06,2026-03-06 07:48:00,1772783280000,11
2026-03-06,2026-03-06 07:51:00,1772783460000,14
2026-03-06,2026-03-06 07:54:00,1772783640000,9
2026-03-06,2026-03-06 07:57:00,1772783820000,4
2026-03-06,2026-03-06 08:00:00,1772784000000,3
2026-03-06,2026-03-06 08:03:00,1772784180000,3
2026-03-06,2026-03-06 08:06:00,1772784360000,2
2026-03-07,2026-03-07 00:42:00,1772844120000,15
2026-03-07,2026-03-07 00:45:00,1772844300000,17
2026-03-07,2026-03-07 00:48:00,1772844480000,17
2026-03-07,2026-03-07 00:51:00,1772844660000,21
2026-03-07,2026-03-07 00:54:00,1772844840000,21
2026-03-07,2026-03-07 00:57:00,1772845020000,20
2026-03-07,2026-03-07 01:00:00,1772845200000,19
2026-03-07,2026-03-07 01:03:00,1772845380000,13
2026-03-07,2026-03-07 01:06:00,1772845560000,9
2026-03-07,2026-03-07 01:09:00,1772845740000,5
2026-03-07,2026-03-07 01:12:00,1772845920000,4
2026-03-07,2026-03-07 01:15:00,1772846100000,4
2026-03-07,2026-03-07 01:18:00,1772846280000,2
2026-03-07,2026-03-07 01:21:00,1772846460000,2
2026-03-07,2026-03-07 01:24:00,1772846640000,3
2026-03-07,2026-03-07 01:27:00,1772846820000,3
2026-03-07,2026-03-07 01:30:00,1772847000000,3
2026-03-07,2026-03-07 01:33:00,1772847180000,7
2026-03-07,2026-03-07 01:36:00,1772847360000,16
2026-03-07,2026-03-07 01:39:00,1772847540000,-1
2026-03-07,2026-03-07 01:42:00,1772847720000,13
2026-03-07,2026-03-07 01:45:00,1772847900000,9
2026-03-07,2026-03-07 01:48:00,1772848080000,12
2026-03-07,2026-03-07 01:51:00,1772848260000,7
2026-03-07,2026-03-07 01:54:00,1772848440000,6
2026-03-07,2026-03-07 01:57:00,1772848620000,22
2026-03-07,2026-03-07 02:00:00,1772848800000,42
2026-03-07,2026-03-07 02:03:00,1772848980000,40
2026-03-07,2026-03-07 02:06:00,1772849160000,64
2026-03-07,2026-03-07 02:09:00,1772849340000,40
2026-03-07,2026-03-07 02:12:00,1772849520000,6
2026-03-07,2026-03-07 02:15:00,1772849700000,9
2026-03-07,2026-03-07 02:18:00,1772849880000,11
2026-03-07,2026-03-07 02:21:00,1772850060000,15
2026-03-07,2026-03-07 02:24:00,1772850240000,19
2026-03-07,2026-03-07 02:27:00,1772850420000,22
2026-03-07,2026-03-07 02:30:00,1772850600000,19
2026-03-07,2026-03-07 02:33:00,1772850780000,13
2026-03-07,2026-03-07 02:36:00,1772850960000,16
2026-03-07,2026-03-07 02:39:00,1772851140000,17
2026-03-07,2026-03-07 02:42:00,1772851320000,15
2026-03-07,2026-03-07 02:45:00,1772851500000,12
2026-03-07,2026-03-07 02:48:00,1772851680000,14
2026-03-07,2026-03-07 02:51:00,1772851860000,13
2026-03-07,2026-03-07 02:54:00,1772852040000,15
2026-03-07,2026-03-07 02:57:00,1772852220000,18
2026-03-07,2026-03-07 03:00:00,1772852400000,11
2026-03-07,2026-03-07 03:03:00,1772852580000,6
2026-03-07,2026-03-07 03:06:00,1772852760000,6
2026-03-07,2026-03-07 03:09:00,1772852940000,5
2026-03-07,2026-03-07 03:12:00,1772853120000,6
2026-03-07,2026-03-07 03:15:00,1772853300000,7
2026-03-07,2026-03-07 03:18:00,1772853480000,6
2026-03-07,2026-03-07 03:21:00,1772853660000,8
2026-03-07,2026-03-07 03:24:00,1772853840000,8
2026-03-07,2026-03-07 03:27:00,1772854020000,10
2026-03-07,2026-03-07 03:30:00,1772854200000,16
2026-03-07,2026-03-07 03:33:00,1772854380000,15
2026-03-07,2026-03-07 03:36:00,1772854560000,9
2026-03-07,2026-03-07 03:39:00,1772854740000,10
2026-03-07,2026-03-07 03:42:00,1772854920000,5
2026-03-07,2026-03-07 03:45:00,1772855100000,2
2026-03-07,2026-03-07 03:48:00,1772855280000,4
2026-03-07,2026-03-07 03:51:00,1772855460000,2
2026-03-07,2026-03-07 03:54:00,1772855640000,5
2026-03-07,2026-03-07 03:57:00,1772855820000,10
2026-03-07,2026-03-07 04:00:00,1772856000000,4
2026-03-07,2026-03-07 04:03:00,1772856180000,9
2026-03-07,2026-03-07 04:06:00,1772856360000,13
2026-03-07,2026-03-07 04:09:00,1772856540000,11
2026-03-07,2026-03-07 04:12:00,1772856720000,15
2026-03-07,2026-03-07 04:15:00,1772856900000,17
2026-03-07,2026-03-07 04:18:00,1772857080000,17
2026-03-07,2026-03-07 04:21:00,1772857260000,12
2026-03-07,2026-03-07 04:24:00,1772857440000,8
2026-03-07,2026-03-07 04:27:00,1772857620000,14
2026-03-07,2026-03-07 04:30:00,1772857800000,11
2026-03-07,2026-03-07 04:33:00,1772857980000,11
2026-03-07,2026-03-07 04:36:00,1772858160000,16
2026-03-07,2026-03-07 04:39:00,1772858340000,12
2026-03-07,2026-03-07 04:42:00,1772858520000,11
2026-03-07,2026-03-07 04:45:00,1772858700000,9
2026-03-07,2026-03-07 04:48:00,1772858880000,6
2026-03-07,2026-03-07 04:51:00,1772859060000,5
2026-03-07,2026-03-07 04:54:00,1772859240000,4
2026-03-07,2026-03-07 04:57:00,1772859420000,4
2026-03-07,2026-03-07 05:00:00,1772859600000,6
2026-03-07,2026-03-07 05:03:00,1772859780000,8
2026-03-07,2026-03-07 05:06:00,1772859960000,7
2026-03-07,2026-03-07 05:09:00,1772860140000,8
2026-03-07,2026-03-07 05:12:00,1772860320000,6
2026-03-07,2026-03-07 05:15:00,1772860500000,5
2026-03-07,2026-03-07 05:18:00,1772860680000,8
2026-03-07,2026-03-07 05:21:00,1772860860000,6
2026-03-07,2026-03-07 05:24:00,1772861040000,10
2026-03-07,2026-03-07 05:27:00,1772861220000,17
2026-03-07,2026-03-07 05:30:00,1772861400000,5
2026-03-07,2026-03-07 05:33:00,1772861580000,5
2026-03-07,2026-03-07 05:36:00,1772861760000,6
2026-03-07,2026-03-07 05:39:00,1772861940000,15
2026-03-07,2026-03-07 05:42:00,1772862120000,26
2026-03-07,2026-03-07 05:45:00,1772862300000,23
2026-03-07,2026-03-07 05:48:00,1772862480000,20
2026-03-07,2026-03-07 05:51:00,1772862660000,16
2026-03-07,2026-03-07 05:54:00,1772862840000,13
2026-03-07,2026-03-07 05:57:00,1772863020000,13
2026-03-07,2026-03-07 06:00:00,1772863200000,10
2026-03-07,2026-03-07 06:03:00,1772863380000,15
2026-03-07,2026-03-07 06:06:00,1772863560000,11
2026-03-07,2026-03-07 06:09:00,1772863740000,15
2026-03-07,2026-03-07 06:12:00,1772863920000,14
2026-03-07,2026-03-07 06:15:00,1772864100000,15
2026-03-07,2026-03-07 06:18:00,1772864280000,10
2026-03-07,2026-03-07 06:21:00,1772864460000,5
2026-03-07,2026-03-07 06:24:00,1772864640000,5
2026-03-07,2026-03-07 06:27:00,1772864820000,5
2026-03-07,2026-03-07 06:30:00,1772865000000,4
2026-03-07,2026-03-07 06:33:00,1772865180000,5
2026-03-07,2026-03-07 06:36:00,1772865360000,5
2026-03-07,2026-03-07 06:39:00,1772865540000,7
2026-03-07,2026-03-07 06:42:00,1772865720000,9
2026-03-07,2026-03-07 06:45:00,1772865900000,8
2026-03-07,2026-03-07 06:48:00,1772866080000,5
2026-03-07,2026-03-07 06:51:00,1772866260000,9
2026-03-07,2026-03-07 06:54:00,1772866440000,27
